Stream,WaterbodySiteName,County,State,Country,USGS_ID,Monitoring_ID,Parameter,TrendConc,TrendConcNum,ConcentrationTrend,ChangeinConc_mg,Units_mg,ChangeinConc_ug,Units_ug,PerChangeConc,TrendFlux,TrendFluxNum,FluxTrend,ChangeinFlux,PerChangeFlux,Method,Latitude,Longitude,N
Arkansas River,"Arkansas River, off US 64, Moffett",Sequoyah,OK,US,7249455,220200010010-001AT,Total Nitrogen,No Likely Trend,0,No Significant Trend,-0.149,mg/L,-149,ug/L,-0.1337,No Likely Trend,0,No Significant Trend,-3.1 10^6 kg/year,-0.0678,EGRET,35.39,-94.43,
Arkansas River,"Arkansas River, off US 64, Moffett",Sequoyah,OK,US,7249455,220200010010-001AT,Total Phosphorus,Likely Upward,-1,↑,0.0311,mg/L,31.1,ug/L,0.3284,Likely Upward,-1,↑,1.23 10^6 kg/year,0.2965,EGRET,35.39,-94.43,
Arkansas River,"Arkansas River, off US 64, Moffett",Sequoyah,OK,US,724955,220200010010-001AT,Specific Conductance,Likely Upward,-1,↑,118,uS/cm,118,uS/cm,0.2395,Not Applicable,50,Not Applicable,Not Applicable,0,EGRET,35.39,-94.43,
Arkansas River,"Arkansas River, off US 64, Moffett",Sequoyah,OK,US,7249455,220200010010-001AT,Total hardness,No Likely Trend,0,No Significant Trend,20.4,mg/L,20.4,mg/L,0.162,Not Applicable,50,Not Applicable,Not Applicable,0,EGRET,35.39,-94.43,
Arkansas River,"Arkansas River, off US 64, Moffett",Sequoyah,OK,US,7249455,220200010010-001AT,Chlorophyll a,Likely Downward,1,↓,-13.8,ug/L,-13.8,ug/L,-0.5878,Not Applicable,50,Not Applicable,Not Applicable,0,EGRET,35.39,-94.43,
Arkansas River,"Arkansas River, off US 64, Moffett",Sequoyah,OK,US,,,Dissolved oxygen,Highly Likely Upward,-3,↑↑↑,0.08191,mg/L,0.08191,mg/L,0.2024,Not Applicable,50,Not Applicable,Not Applicable,0,Seasonal Kendall,35.39,-94.43,96
Arkansas River,"Arkansas River, off US 64, Moffett",Sequoyah,OK,US,,,"Temperature, water",No Likely Trend,0,No Significant Trend,No Significant Trend,deg C,No Significant Trend,deg C,0,Not Applicable,50,Not Applicable,Not Applicable,0,Seasonal Kendall,35.39,-94.43,97
Arkansas River,"Arkansas River, off US 64, Moffett",Sequoyah,OK,US,,,Turbidity,Somewhat Likely Downward,2,↓↓,-0.2678,NTU,-0.2678,NTU,-0.2754,Not Applicable,50,Not Applicable,Not Applicable,0,Seasonal Kendall,35.39,-94.43,98
Arkansas River,"Arkansas River, SH 104, Haskell",Muskogee,OK,US,7165570,120410010080-001AT,Total Nitrogen,Highly Likely Upward,-3,↑↑↑,0.225,mg/L,225,ug/L,0.1948,Highly Likely Upward,-3,↑↑↑,1.18 10^ kg/year,0.1123,EGRET,35.82,-95.64,
Arkansas River,"Arkansas River, SH 104, Haskell",Muskogee,OK,US,7165570,120410010080-001AT,Total Phosphorus,Highly Likely Upward,-3,↑↑↑,0.0354,mg/L,35.4,ug/L,0.1859,Likely Downward,1,↓,-0.353 10^6 kg/year,-0.1523,EGRET,35.82,-95.64,
Arkansas River,"Arkansas River, SH 104, Haskell",Muskogee,OK,US,7165570,120410010080-001AT,Specific Conductance,No Likely Trend,0,No Significant Trend,85.3,uS/cm,85.3,uS/cm,0.0561,Not Applicable,50,Not Applicable,Not Applicable,0,EGRET,35.82,-95.64,
Arkansas River,"Arkansas River, SH 104, Haskell",Muskogee,OK,US,7165570,120410010080-001AT,Total hardness,Likely Downward,1,↓,-1.92,mg/L,-1.92,mg/L,-0.0078,Not Applicable,50,Not Applicable,Not Applicable,0,EGRET,35.82,-95.64,
Arkansas River,"Arkansas River, SH 104, Haskell",Muskogee,OK,US,7165570,120410010080-001AT,Chlorophyll a,Highly Likely Upward,-3,↑↑↑,7.77,ug/L,7.77,ug/L,0.4017,Not Applicable,50,Not Applicable,Not Applicable,0,EGRET,35.82,-95.64,
Arkansas River,"Arkansas River, SH 104, Haskell",Muskogee,OK,US,,,Dissolved oxygen,Highly Likely Upward,-3,↑↑↑,0.1197,mg/L,0.1197,mg/L,0.2582,Not Applicable,50,Not Applicable,Not Applicable,0,Seasonal Kendall,35.82,-95.64,176
Arkansas River,"Arkansas River, SH 104, Haskell",Muskogee,OK,US,,,"Temperature, water",Somewhat Likely Upward,-2,↑↑,0.09619,deg C,0.09619,deg C,0.1227,Not Applicable,50,Not Applicable,Not Applicable,0,Seasonal Kendall,35.82,-95.64,177
Arkansas River,"Arkansas River, SH 104, Haskell",Muskogee,OK,US,,,Turbidity,Somewhat Likely Downward,2,↓↓,-0.2438,NTU,-0.2438,NTU,-0.6679,Not Applicable,50,Not Applicable,Not Applicable,0,Seasonal Kendall,35.82,-95.64,176
Arkansas River,"Arkansas River, SH 18, Ralston",Pawnee,OK,US,7152500,621200010200-001AT,Total Nitrogen,Highly Likely Upward,-3,↑↑↑,0.245,mg/L,245,ug/L,0.1845,Highly Likely Upward,-3,↑↑↑,1.5 10^6 kg/year,0.1277,EGRET,36.5,-96.73,
Arkansas River,"Arkansas River, SH 18, Ralston",Pawnee,OK,US,7152500,621200010200-001AT,Total Phosphorus,Likely Downward,1,↓,-0.0161,mg/L,-16.1,ug/L,-0.0647,Likely Upward,-1,↑,0.151 10^6 kg/year,-0.1135,EGRET,36.5,-96.73,
Arkansas River,"Arkansas River, SH 18, Ralston",Pawnee,OK,US,7152500,621200010200-001AT,Specific Conductance,Highly Likely Upward,-3,↑↑↑,0.245,uS/cm,0.245,uS/cm,0.2088,Not Applicable,50,Not Applicable,Not Applicable,0,EGRET,36.5,-96.73,
Arkansas River,"Arkansas River, SH 18, Ralston",Pawnee,OK,US,7152500,621200010200-001AT,Total hardness,Likely Upward,-1,↑,20.5,mg/L,20.5,mg/L,0.0747,Not Applicable,50,Not Applicable,Not Applicable,0,EGRET,36.5,-96.73,
Arkansas River,"Arkansas River, SH 18, Ralston",Pawnee,OK,US,7152500,621200010200-001AT,Chlorophyll a,Likely Upward,-1,↑,20.3,ug/L,20.3,ug/L,0.9551,Not Applicable,50,Not Applicable,Not Applicable,0,EGRET,36.5,-96.73,
Arkansas River,"Arkansas River, SH 18, Ralston",Pawnee,OK,US,,,Dissolved oxygen,Likely Upward,-1,↑,0.03013,mg/L,0.03013,mg/L,0.0692,Not Applicable,50,Not Applicable,Not Applicable,0,Seasonal Kendall,36.5,-96.73,183
Arkansas River,"Arkansas River, SH 18, Ralston",Pawnee,OK,US,,,"Temperature, water",No Likely Trend,0,No Significant Trend,No Significant Trend,deg C,No Significant Trend,deg C,0,Not Applicable,50,Not Applicable,Not Applicable,0,Seasonal Kendall,36.5,-96.73,184
Arkansas River,"Arkansas River, SH 18, Ralston",Pawnee,OK,US,,,Turbidity,Highly Likely Downward,3,↓↓↓,-0.9062,NTU,-0.9062,NTU,-2.9316,Not Applicable,50,Not Applicable,Not Applicable,0,Seasonal Kendall,36.5,-96.73,183
Arkansas River,"Arkansas River, SH 97, Sand Springs",Tulsa,OK,US,,,Dissolved oxygen,Highly Likely Upward,-3,↑↑↑,0.2198,mg/L,0.2198,mg/L,0.2761,Not Applicable,50,Not Applicable,Not Applicable,0,Seasonal Kendall,36.12,-96.12,103
Arkansas River,"Arkansas River, SH 97, Sand Springs",Tulsa,OK,US,,,"Temperature, water",No Likely Trend,0,No Significant Trend,No Significant Trend,deg C,No Significant Trend,deg C,0,Not Applicable,50,Not Applicable,Not Applicable,0,Seasonal Kendall,36.12,-96.12,103
Arkansas River,"Arkansas River, SH 97, Sand Springs",Tulsa,OK,US,,,Turbidity,No Likely Trend,0,No Significant Trend,No Significant Trend,NTU,No Significant Trend,NTU,0,Not Applicable,50,Not Applicable,Not Applicable,0,Seasonal Kendall,36.12,-96.12,104
Arkansas River,"Arkansas River, SH 97, Sand Springs",Tulsa,OK,US,,,Chlorophyll a,Highly Likely Upward,-3,↑↑↑,1.034,ug/L,1.034,ug/L,0.6564,Not Applicable,50,Not Applicable,Not Applicable,0,Seasonal Kendall,36.12,-96.12,32
Arkansas River,"Arkansas River, SH 97, Sand Springs",Tulsa,OK,US,,,Total Phosphorus,No Likely Trend,0,No Significant Trend,No Significant Trend,mg/L,No Significant Trend,ug/L,0,Not Applicable,50,Not Applicable,Not Applicable,0,Seasonal Kendall,36.12,-96.12,105
Arkansas River,"Arkansas River, SH 97, Sand Springs",Tulsa,OK,US,,,Specific Conductance,No Likely Trend,0,No Significant Trend,No Significant Trend,uS/cm,No Significant Trend,uS/cm,0,Not Applicable,50,Not Applicable,Not Applicable,0,Seasonal Kendall,36.12,-96.12,103
Arkansas River,"Arkansas River, SH 97, Sand Springs",Tulsa,OK,US,,,Total hardness,No Likely Trend,0,No Significant Trend,No Significant Trend,mg/L,No Significant Trend,mg/L,0,Not Applicable,50,Not Applicable,Not Applicable,0,Seasonal Kendall,36.12,-96.12,105
Arkansas River,"Arkansas River, SH 97, Sand Springs",Tulsa,OK,US,,,Total Nitrogen,No Likely Trend,0,No Significant Trend,No Significant Trend,mg/L,No Significant Trend,ug/L,0,Not Applicable,50,Not Applicable,Not Applicable,0,Seasonal Kendall,36.12,-96.12,104
Arkansas River,"Arkansas River, US 62, Muskogee",Muskogee,OK,US,7194500,120400010260-001AT,Total Nitrogen,No Likely Trend,0,No Significant Trend,0.0384,mg/L,38.4,ug/L,0.0336,Likely Upward,-1,↑,4.52 10^6 kg/year,0.1685,EGRET,35.77,-95.3,
Arkansas River,"Arkansas River, US 62, Muskogee",Muskogee,OK,US,7194500,120400010260-001AT,Total Phosphorus,Likely Upward,-1,↑,0.00843,mg/L,8.43,ug/L,0.0591,Likely Upward,-1,↑,0.663 10^6 kg/year,0.2119,EGRET,35.77,-95.3,
Arkansas River,"Arkansas River, US 62, Muskogee",Muskogee,OK,US,7194500,120400010260-001AT,Specific Conductance,No Likely Trend,0,No Significant Trend,-27.5,uS/cm,-27.5,uS/cm,-0.0357,Not Applicable,50,Not Applicable,Not Applicable,0,EGRET,35.77,-95.3,
Arkansas River,"Arkansas River, US 62, Muskogee",Muskogee,OK,US,7194500,120400010260-001AT,Total hardness,Likely Downward,1,↓,-5.24,mg/L,-5.24,mg/L,0.031,Not Applicable,50,Not Applicable,Not Applicable,0,EGRET,35.77,-95.3,
Arkansas River,"Arkansas River, US 62, Muskogee",Muskogee,OK,US,7194500,120400010260-001AT,Chlorophyll a,Likely Downward,1,↓,-3.16,ug/L,-3.16,ug/L,-0.1565,Not Applicable,50,Not Applicable,Not Applicable,0,EGRET,35.77,-95.3,
Arkansas River,"Arkansas River, US 62, Muskogee",Muskogee,OK,US,,,Dissolved oxygen,Highly Likely Upward,-3,↑↑↑,0.05572,mg/L,0.05572,mg/L,0.1472,Not Applicable,50,Not Applicable,Not Applicable,0,Seasonal Kendall,35.77,-95.3,135
Arkansas River,"Arkansas River, US 62, Muskogee",Muskogee,OK,US,,,"Temperature, water",No Likely Trend,0,No Significant Trend,No Significant Trend,deg C,No Significant Trend,deg C,0,Not Applicable,50,Not Applicable,Not Applicable,0,Seasonal Kendall,35.77,-95.3,135
Arkansas River,"Arkansas River, US 62, Muskogee",Muskogee,OK,US,,,Turbidity,Highly Likely Downward,3,↓↓↓,-0.6618,NTU,-0.6618,NTU,-1.1872,Not Applicable,50,Not Applicable,Not Applicable,0,Seasonal Kendall,35.77,-95.3,134
Arkansas River,"Arkansas River, US 64, Bixby",Tulsa,OK,US,,,Dissolved oxygen,Highly Likely Upward,-3,↑↑↑,0.313,mg/L,0.313,mg/L,0.3881,Not Applicable,50,Not Applicable,Not Applicable,0,Seasonal Kendall,35.96,-95.89,116
Arkansas River,"Arkansas River, US 64, Bixby",Tulsa,OK,US,,,"Temperature, water",No Likely Trend,0,No Significant Trend,No Significant Trend,deg C,No Significant Trend,deg C,0,Not Applicable,50,Not Applicable,Not Applicable,0,Seasonal Kendall,35.96,-95.89,116
Arkansas River,"Arkansas River, US 64, Bixby",Tulsa,OK,US,,,Turbidity,Highly Likely Downward,3,↓↓↓,-0.9695,NTU,-0.9695,NTU,-1.1484,Not Applicable,50,Not Applicable,Not Applicable,0,Seasonal Kendall,35.96,-95.89,115
Arkansas River,"Arkansas River, US 64, Bixby",Tulsa,OK,US,,,Chlorophyll a,Highly Likely Upward,-3,↑↑↑,2.476,ug/L,2.476,ug/L,0.8206,Not Applicable,50,Not Applicable,Not Applicable,0,Seasonal Kendall,35.96,-95.89,32
Arkansas River,"Arkansas River, US 64, Bixby",Tulsa,OK,US,,,Total Phosphorus,No Likely Trend,0,No Significant Trend,No Significant Trend,mg/L,No Significant Trend,ug/L,0,Not Applicable,50,Not Applicable,Not Applicable,0,Seasonal Kendall,35.96,-95.89,118
Arkansas River,"Arkansas River, US 64, Bixby",Tulsa,OK,US,,,Specific Conductance,Likely Upward,-1,↑,23.86,uS/cm,23.86,uS/cm,0.206,Not Applicable,50,Not Applicable,Not Applicable,0,Seasonal Kendall,35.96,-95.89,116
Arkansas River,"Arkansas River, US 64, Bixby",Tulsa,OK,US,,,Total hardness,No Likely Trend,0,No Significant Trend,No Significant Trend,mg/L,No Significant Trend,mg/L,0,Not Applicable,50,Not Applicable,Not Applicable,0,Seasonal Kendall,35.96,-95.89,117
Arkansas River,"Arkansas River, US 64, Bixby",Tulsa,OK,US,,,Total Nitrogen,Highly Likely Upward,-3,↑↑↑,0.03346,mg/L,33.46,ug/L,0.2874,Not Applicable,50,Not Applicable,Not Applicable,0,Seasonal Kendall,35.96,-95.89,116
Baron Fork,"Barren Fork, SH 51, Eldon",Cherokee,OK,US,7197000,121700050010-001AT,Total Nitrogen,Likely Downward,1,↓,-0.248,mg/L,-248,ug/L,-0.1519,Likely Upward,-1,↑,0.127 10^6 kg/year,0.1927,EGRET,35.92,-94.84,
Baron Fork,"Barren Fork, SH 51, Eldon",Cherokee,OK,US,7197000,121700050010-001AT,Total Phosphorus,Highly Likely Downward,3,↓↓↓,-0.0162,mg/L,-16.2,ug/L,-0.3256,Somewhat Likely Downward,2,↓↓,-0.00961 10^6 kg/year,-0.2072,EGRET,35.92,-94.84,
Baron Fork,"Barren Fork, SH 51, Eldon",Cherokee,OK,US,7197000,121700050010-001AT,Specific Conductance,Highly Likely Upward,-3,↑↑↑,31.7,uS/cm,31.7,uS/cm,0.173,Not Applicable,50,Not Applicable,Not Applicable,0,EGRET,35.92,-94.84,
Baron Fork,"Barren Fork, SH 51, Eldon",Cherokee,OK,US,7197000,121700050010-001AT,Total hardness,Highly Likely Upward,-3,↑↑↑,13.2,mg/L,13.2,mg/L,0.1474,Not Applicable,50,Not Applicable,Not Applicable,0,EGRET,35.92,-94.84,
Baron Fork,"Barren Fork, SH 51, Eldon",Cherokee,OK,US,7197000,121700050010-001AT,Chlorophyll a,Likely Upward,-1,↑,0.194,ug/L,0.194,ug/L,0.1282,Not Applicable,50,Not Applicable,Not Applicable,0,EGRET,35.92,-94.84,
Barren Fork River,"Barren Fork, SH 51, Eldon",Cherokee,OK,US,,,Dissolved oxygen,Highly Likely Upward,-3,↑↑↑,0.09748,mg/L,0.09748,mg/L,0.2112,Not Applicable,50,Not Applicable,Not Applicable,0,Seasonal Kendall,35.92,-94.84,159
Barren Fork River,"Barren Fork, SH 51, Eldon",Cherokee,OK,US,,,"Temperature, water",No Likely Trend,0,No Significant Trend,No Significant Trend,deg C,No Significant Trend,deg C,0,Not Applicable,50,Not Applicable,Not Applicable,0,Seasonal Kendall,35.92,-94.84,159
Barren Fork River,"Barren Fork, SH 51, Eldon",Cherokee,OK,US,,,Turbidity,Highly Likely Downward,3,↓↓↓,-0.05043,NTU,-0.05043,NTU,-1.6553,Not Applicable,50,Not Applicable,Not Applicable,0,Seasonal Kendall,35.92,-94.84,155
Beaver Creek,Beaver Creek near Ryan,Jefferson,OK,US,,,Dissolved oxygen,Highly Likely Upward,-3,↑↑↑,0.5576,mg/L,0.5576,mg/L,0.3464,Not Applicable,50,Not Applicable,Not Applicable,0,Seasonal Kendall,34.02,-97.97,38
Beaver Creek,Beaver Creek near Ryan,Jefferson,OK,US,,,"Temperature, water",Likely Upward,-1,↑,0.5285,deg C,0.5285,deg C,0.1756,Not Applicable,50,Not Applicable,Not Applicable,0,Seasonal Kendall,34.02,-97.97,39
Beaver Creek,Beaver Creek near Ryan,Jefferson,OK,US,,,Turbidity,No Likely Trend,0,No Significant Trend,No Significant Trend,NTU,No Significant Trend,NTU,0,Not Applicable,50,Not Applicable,Not Applicable,0,Seasonal Kendall,34.02,-97.97,39
Beaver Creek,Beaver Creek near Ryan,Jefferson,OK,US,,,Chlorophyll a,Somewhat Likely Downward,2,↓↓,-7.506,ug/L,-7.506,ug/L,-3.3133,Not Applicable,50,Not Applicable,Not Applicable,0,Seasonal Kendall,34.02,-97.97,39
Beaver Creek,Beaver Creek near Ryan,Jefferson,OK,US,,,Total Phosphorus,Highly Likely Downward,3,↓↓↓,-0.04089,mg/L,-40.89,ug/L,-0.988,Not Applicable,50,Not Applicable,Not Applicable,0,Mann-Kendall,34.02,-97.97,39
Beaver Creek,Beaver Creek near Ryan,Jefferson,OK,US,,,Specific Conductance,No Likely Trend,0,No Significant Trend,No Significant Trend,uS/cm,No Significant Trend,uS/cm,0,Not Applicable,50,Not Applicable,Not Applicable,0,Seasonal Kendall,34.02,-97.97,39
Beaver Creek,Beaver Creek near Ryan,Jefferson,OK,US,,,Total hardness,No Likely Trend,0,No Significant Trend,No Significant Trend,mg/L,No Significant Trend,mg/L,0,Not Applicable,50,Not Applicable,Not Applicable,0,Seasonal Kendall,34.02,-97.97,39
Beaver Creek,Beaver Creek near Ryan,Jefferson,OK,US,,,Total Nitrogen,Highly Likely Downward,3,↓↓↓,-0.2627,mg/L,-262.7,ug/L,-2.3222,Not Applicable,50,Not Applicable,Not Applicable,0,Seasonal Kendall,34.02,-97.97,39
Beaver River,"Beaver River, off US 64, Guymon",Texas,OK,US,,,Dissolved oxygen,No Likely Trend,0,No Significant Trend,No Significant Trend,mg/L,No Significant Trend,mg/L,0,Not Applicable,50,Not Applicable,Not Applicable,0,Mann-Kendall,36.71,-101.64,112
Beaver River,"Beaver River, off US 64, Guymon",Texas,OK,US,,,"Temperature, water",No Likely Trend,0,No Significant Trend,No Significant Trend,deg C,No Significant Trend,deg C,0,Not Applicable,50,Not Applicable,Not Applicable,0,Seasonal Kendall,36.71,-101.64,112
Beaver River,"Beaver River, off US 64, Guymon",Texas,OK,US,,,Turbidity,Highly Likely Downward,3,↓↓↓,-0.5703,NTU,-0.5703,NTU,-0.4416,Not Applicable,50,Not Applicable,Not Applicable,0,Seasonal Kendall,36.71,-101.64,113
Beaver River,"Beaver River, off US 64, Guymon",Texas,OK,US,,,Total Phosphorus,Highly Likely Downward,3,↓↓↓,-0.001691,mg/L,-1.691,ug/L,-1.0185,Not Applicable,50,Not Applicable,Not Applicable,0,Seasonal Kendall,36.71,-101.64,113
Beaver River,"Beaver River, off US 64, Guymon",Texas,OK,US,,,Specific Conductance,Highly Likely Upward,-3,↑↑↑,4.379,uS/cm,4.379,uS/cm,0.1179,Not Applicable,50,Not Applicable,Not Applicable,0,Seasonal Kendall,36.71,-101.64,112
Beaver River,"Beaver River, off US 64, Guymon",Texas,OK,US,,,Total hardness,Highly Likely Upward,-3,↑↑↑,2.602,mg/L,2.602,mg/L,0.1426,Not Applicable,50,Not Applicable,Not Applicable,0,Seasonal Kendall,36.71,-101.64,112
Beaver River,"Beaver River, off US 64, Guymon",Texas,OK,US,,,Total Nitrogen,Highly Likely Downward,3,↓↓↓,-0.01199,mg/L,-11.99,ug/L,-0.4749,Not Applicable,50,Not Applicable,Not Applicable,0,Seasonal Kendall,36.71,-101.64,113
Beaver River,"Beaver River, SH 23, Beaver",Beaver,OK,US,7234000,720500020290-001AT,Total Nitrogen,Highly Likely Upward,-3,↑↑↑,0.821,mg/L,821,ug/L,1.1342,Likely Downward,1,↓,-0.000691 10^6 kg/year,-0.1844,EGRET,36.82,-100.52,
Beaver River,"Beaver River, SH 23, Beaver",Beaver,OK,US,7234000,720500020290-001AT,Total Phosphorus,Likely Downward,1,↓,-0.00139,mg/L,-1.39,ug/L,0.0204,Highly Likely Downward,3,↓↓↓,-0.000338 10^6 kg/year,-0.6816,EGRET,36.82,-100.52,
Beaver River,"Beaver River, SH 23, Beaver",Beaver,OK,US,7234000,720500020290-001AT,Specific Conductance,Highly Likely Upward,-3,↑↑↑,7802,uS/cm,7802,uS/cm,1.091,Not Applicable,50,Not Applicable,Not Applicable,0,EGRET,36.82,-100.52,
Beaver River,"Beaver River, SH 23, Beaver",Beaver,OK,US,7234000,720500020290-001AT,Total hardness,Highly Likely Upward,-3,↑↑↑,2059,mg/L,2059,mg/L,1.723,Not Applicable,50,Not Applicable,Not Applicable,0,EGRET,36.82,-100.52,
Beaver River,"Beaver River, SH 23, Beaver",Beaver,OK,US,7234000,720500020290-001AT,Chlorophyll a,No Likely Trend,0,No Significant Trend,2.37,ug/L,2.37,ug/L,0.071,Not Applicable,50,Not Applicable,Not Applicable,0,EGRET,36.82,-100.52,
Beaver River,"Beaver River, SH 23, Beaver",Beaver,OK,US,,,Turbidity,Highly Likely Upward,-3,↑↑↑,0.135,NTU,0.135,NTU,0.2508,Not Applicable,50,Not Applicable,Not Applicable,0,Seasonal Kendall,36.82,-100.52,142
Beaver River,"Beaver River, SH 23, Beaver",Beaver,OK,US,,,Dissolved oxygen,Likely Downward,1,↓,-0.062,mg/L,-0.062,mg/L,-0.1817,Not Applicable,50,Not Applicable,Not Applicable,0,Seasonal Kendall,36.82,-100.52,141
Beaver River,"Beaver River, SH 23, Beaver",Beaver,OK,US,,,"Temperature, water",Highly Likely Downward,3,↓↓↓,-0.1324,deg C,-0.1324,deg C,-0.2394,Not Applicable,50,Not Applicable,Not Applicable,0,Seasonal Kendall,36.82,-100.52,138
Beaver River,"Beaver River, US 183, Fort Supply",Harper,OK,US,,,Dissolved oxygen,Highly Likely Downward,3,↓↓↓,-0.1493,mg/L,-0.1493,mg/L,-0.3865,Not Applicable,50,Not Applicable,Not Applicable,0,Mann-Kendall,36.59,-99.59,108
Beaver River,"Beaver River, US 183, Fort Supply",Harper,OK,US,,,"Temperature, water",No Likely Trend,0,No Significant Trend,No Significant Trend,deg C,No Significant Trend,deg C,0,Not Applicable,50,Not Applicable,Not Applicable,0,Seasonal Kendall,36.59,-99.59,110
Beaver River,"Beaver River, US 183, Fort Supply",Harper,OK,US,,,Turbidity,No Likely Trend,0,No Significant Trend,No Significant Trend,NTU,No Significant Trend,NTU,0,Not Applicable,50,Not Applicable,Not Applicable,0,Seasonal Kendall,36.59,-99.59,110
Beaver River,"Beaver River, US 183, Fort Supply",Harper,OK,US,,,Total Phosphorus,No Likely Trend,0,No Significant Trend,No Significant Trend,mg/L,No Significant Trend,ug/L,0,Not Applicable,50,Not Applicable,Not Applicable,0,Seasonal Kendall,36.59,-99.59,99
Beaver River,"Beaver River, US 183, Fort Supply",Harper,OK,US,,,Specific Conductance,No Likely Trend,0,No Significant Trend,No Significant Trend,uS/cm,No Significant Trend,uS/cm,0,Not Applicable,50,Not Applicable,Not Applicable,0,Seasonal Kendall,36.59,-99.59,100
Beaver River,"Beaver River, US 183, Fort Supply",Harper,OK,US,,,Total hardness,Somewhat Likely Upward,-2,↑↑,7.494,mg/L,7.494,mg/L,0.2086,Not Applicable,50,Not Applicable,Not Applicable,0,Seasonal Kendall,36.59,-99.59,100
Beaver River,"Beaver River, US 183, Fort Supply",Harper,OK,US,,,Total Nitrogen,Likely Upward,-1,↑,0.01145,mg/L,11.45,ug/L,0.2888,Not Applicable,50,Not Applicable,Not Applicable,0,Seasonal Kendall,36.59,-99.59,101
Beaver River,"Beaver River, US 83, Turpin",Beaver,OK,US,,,Dissolved oxygen,Somewhat Likely Upward,-2,↑↑,0.3504,mg/L,0.3504,mg/L,0.2084,Not Applicable,50,Not Applicable,Not Applicable,0,Seasonal Kendall,36.76,-100.84,58
Beaver River,"Beaver River, US 83, Turpin",Beaver,OK,US,,,"Temperature, water",Likely Upward,-1,↑,0.6885,deg C,0.6885,deg C,0.2847,Not Applicable,50,Not Applicable,Not Applicable,0,Mann-Kendall,36.76,-100.84,59
Beaver River,"Beaver River, US 83, Turpin",Beaver,OK,US,,,Turbidity,No Likely Trend,0,No Significant Trend,No Significant Trend,NTU,No Significant Trend,NTU,0,Not Applicable,50,Not Applicable,Not Applicable,0,Seasonal Kendall,36.76,-100.84,59
Beaver River,"Beaver River, US 83, Turpin",Beaver,OK,US,,,Total Phosphorus,No Likely Trend,0,No Significant Trend,No Significant Trend,mg/L,No Significant Trend,ug/L,0,Not Applicable,50,Not Applicable,Not Applicable,0,Seasonal Kendall,36.76,-100.84,59
Beaver River,"Beaver River, US 83, Turpin",Beaver,OK,US,,,Specific Conductance,No Likely Trend,0,No Significant Trend,No Significant Trend,uS/cm,No Significant Trend,uS/cm,0,Not Applicable,50,Not Applicable,Not Applicable,0,Seasonal Kendall,36.76,-100.84,59
Beaver River,"Beaver River, US 83, Turpin",Beaver,OK,US,,,Total hardness,Highly Likely Upward,-3,↑↑↑,41.16,mg/L,41.16,mg/L,0.2362,Not Applicable,50,Not Applicable,Not Applicable,0,Seasonal Kendall,36.76,-100.84,59
Beaver River,"Beaver River, US 83, Turpin",Beaver,OK,US,,,Total Nitrogen,Highly Likely Upward,-3,↑↑↑,0.0268,mg/L,26.8,ug/L,0.2594,Not Applicable,50,Not Applicable,Not Applicable,0,Seasonal Kendall,36.76,-100.84,59
Big Cabin Creek,"Big Cabin Creek, off US 69, Big Cabin",Craig,OK,US,,,Turbidity,No Likely Trend,0,No Significant Trend,No Significant Trend,NTU,No Significant Trend,NTU,0,Not Applicable,50,Not Applicable,Not Applicable,0,Seasonal Kendall,36.57,-95.15,108
Big Cabin Creek,"Big Cabin Creek, off US 69, Big Cabin",Craig,OK,US,,,Dissolved oxygen,No Likely Trend,0,No Significant Trend,No Significant Trend,mg/L,No Significant Trend,mg/L,0,Not Applicable,50,Not Applicable,Not Applicable,0,Seasonal Kendall,36.57,-95.15,109
Big Cabin Creek,"Big Cabin Creek, off US 69, Big Cabin",Craig,OK,US,,,"Temperature, water",No Likely Trend,0,No Significant Trend,No Significant Trend,deg C,No Significant Trend,deg C,0,Not Applicable,50,Not Applicable,Not Applicable,0,Seasonal Kendall,36.57,-95.15,109
Big Cabin Creek,"Big Cabin Creek, off US 69, Big Cabin",Craig,OK,US,,,Chlorophyll a,No Likely Trend,0,No Significant Trend,No Significant Trend,ug/L,No Significant Trend,ug/L,0,Not Applicable,50,Not Applicable,Not Applicable,0,Seasonal Kendall,36.57,-95.15,55
Big Cabin Creek,"Big Cabin Creek, off US 69, Big Cabin",Craig,OK,US,,,Total Phosphorus,Highly Likely Downward,3,↓↓↓,-0.007123,mg/L,-7.123,ug/L,-0.8724,Not Applicable,50,Not Applicable,Not Applicable,0,Seasonal Kendall,36.57,-95.15,110
Big Cabin Creek,"Big Cabin Creek, off US 69, Big Cabin",Craig,OK,US,,,Specific Conductance,No Likely Trend,0,No Significant Trend,No Significant Trend,uS/cm,No Significant Trend,uS/cm,0,Not Applicable,50,Not Applicable,Not Applicable,0,Seasonal Kendall,36.57,-95.15,108
Big Cabin Creek,"Big Cabin Creek, off US 69, Big Cabin",Craig,OK,US,,,Total hardness,No Likely Trend,0,No Significant Trend,No Significant Trend,mg/L,No Significant Trend,mg/L,0,Not Applicable,50,Not Applicable,Not Applicable,0,Seasonal Kendall,36.57,-95.15,107
Big Cabin Creek,"Big Cabin Creek, off US 69, Big Cabin",Craig,OK,US,,,Total Nitrogen,No Likely Trend,0,No Significant Trend,No Significant Trend,mg/L,No Significant Trend,ug/L,0,Not Applicable,50,Not Applicable,Not Applicable,0,Seasonal Kendall,36.57,-95.15,109
Bird Creek,"Bird Creek, SH 266, Port of Catoosa",Tulsa,OK,US,7178200,121300010010-001AT,Total Nitrogen,Highly Likely Upward,-3,↑↑↑,0.561,mg/L,561,ug/L,0.2333,No Likely Trend,0,No Significant Trend,0.0681 10^6 kg/year,0.0437,EGRET,36.22,-95.82,
Bird Creek,"Bird Creek, SH 266, Port of Catoosa",Tulsa,OK,US,7178200,121300010010-001AT,Total Phosphorus,Likely Downward,1,↓,-0.0581,mg/L,-58.1,ug/L,0.129,Highly Likely Downward,3,↓↓↓,-0.711 10^6 kg/year,-0.3434,EGRET,36.22,-95.82,
Bird Creek,"Bird Creek, SH 266, Port of Catoosa",Tulsa,OK,US,7178200,121300010010-001AT,Specific Conductance,Likely Upward,-1,↑,34.2,uS/cm,34.2,uS/cm,0.0911,Not Applicable,50,Not Applicable,Not Applicable,0,EGRET,36.22,-95.82,
Bird Creek,"Bird Creek, SH 266, Port of Catoosa",Tulsa,OK,US,7178200,121300010010-001AT,Total hardness,Likely Upward,-1,↑,10.4,mg/L,10.4,mg/L,0.0801,Not Applicable,50,Not Applicable,Not Applicable,0,EGRET,36.22,-95.82,
Bird Creek,"Bird Creek, SH 266, Port of Catoosa",Tulsa,OK,US,7178200,121300010010-001AT,Chlorophyll a,Somewhat Likely Upward,-2,↑↑,3.05,ug/L,3.05,ug/L,0.4327,Not Applicable,50,Not Applicable,Not Applicable,0,EGRET,36.22,-95.82,
Bird Creek,"Bird Creek, SH 266, Port of Catoosa",Tulsa,OK,US,,,Dissolved oxygen,Highly Likely Upward,-3,↑↑↑,0.08908,mg/L,0.08908,mg/L,0.2393,Not Applicable,50,Not Applicable,Not Applicable,0,Seasonal Kendall,36.22,-95.82,181
Bird Creek,"Bird Creek, SH 266, Port of Catoosa",Tulsa,OK,US,,,"Temperature, water",No Likely Trend,0,No Significant Trend,No Significant Trend,deg C,No Significant Trend,deg C,0,Not Applicable,50,Not Applicable,Not Applicable,0,Seasonal Kendall,36.22,-95.82,181
Bird Creek,"Bird Creek, SH 266, Port of Catoosa",Tulsa,OK,US,,,Turbidity,Highly Likely Downward,3,↓↓↓,-0.7306,NTU,-0.7306,NTU,-1.4861,Not Applicable,50,Not Applicable,Not Applicable,0,Seasonal Kendall,36.22,-95.82,182
Black Bear Creek,"Black Bear Creek, SH 18, Pawnee",Pawnee,OK,US,7153000,621200030010-001AT,Total Nitrogen,Highly Likely Upward,-3,↑↑↑,0.579,mg/L,579,ug/L,0.4686,Likely Upward,-1,↑,0.246 10^6 kg/year,0.4953,EGRET,36.34,-96.8,
Black Bear Creek,"Black Bear Creek, SH 18, Pawnee",Pawnee,OK,US,7153000,621200030010-001AT,Total Phosphorus,Highly Likely Upward,-3,↑↑↑,0.0677,mg/L,67.7,ug/L,0.2874,Likely Upward,-1,↑,0.036 10^6 kg/year,-0.1511,EGRET,36.34,-96.8,
Black Bear Creek,"Black Bear Creek, SH 18, Pawnee",Pawnee,OK,US,7153000,621200030010-001AT,Specific Conductance,Likely Upward,-1,↑,31.7,uS/cm,31.7,uS/cm,2.2871,Not Applicable,50,Not Applicable,Not Applicable,0,EGRET,36.34,-96.8,
Black Bear Creek,"Black Bear Creek, SH 18, Pawnee",Pawnee,OK,US,7153000,621200030010-001AT,Total hardness,No Likely Trend,0,No Significant Trend,-2.5,mg/L,-2.5,mg/L,-0.0109,Not Applicable,50,Not Applicable,Not Applicable,0,EGRET,36.34,-96.8,
Black Bear Creek,"Black Bear Creek, SH 18, Pawnee",Pawnee,OK,US,7153000,621200030010-001AT,Chlorophyll a,Likely Upward,-1,↑,31.7,ug/L,31.7,ug/L,2.2871,Not Applicable,50,Not Applicable,Not Applicable,0,EGRET,36.34,-96.8,
Black Bear Creek,"Black Bear Creek, SH 18, Pawnee",Pawnee,OK,US,,,Dissolved oxygen,Likely Downward,1,↓,-0.03601,mg/L,-0.03601,mg/L,-0.1168,Not Applicable,50,Not Applicable,Not Applicable,0,Seasonal Kendall,36.34,-96.8,182
Black Bear Creek,"Black Bear Creek, SH 18, Pawnee",Pawnee,OK,US,,,"Temperature, water",No Likely Trend,0,No Significant Trend,No Significant Trend,deg C,No Significant Trend,deg C,0,Not Applicable,50,Not Applicable,Not Applicable,0,Seasonal Kendall,36.34,-96.8,183
Black Bear Creek,"Black Bear Creek, SH 18, Pawnee",Pawnee,OK,US,,,Turbidity,Highly Likely Downward,3,↓↓↓,-0.9884,NTU,-0.9884,NTU,-1.5639,Not Applicable,50,Not Applicable,Not Applicable,0,Seasonal Kendall,36.34,-96.8,182
Blue River,"Blue River, US 70, Durant",Bryan,OK,US,7332500,410600010010-001AT,Total Nitrogen,Highly Likely Downward,3,↓↓↓,-0.427,mg/L,-427,ug/L,-0.4243,No Likely Trend,0,No Significant Trend,-0.0421 10^6 kg/year,-0.0732,EGRET,34,-96.24,
Blue River,"Blue River, US 70, Durant",Bryan,OK,US,7332500,410600010010-001AT,Total Phosphorus,Highly Likely Downward,3,↓↓↓,-0.0921,mg/L,-92.1,ug/L,-0.579,Likely Downward,1,↓,-0.0293 10^6 kg/year,-0.2422,EGRET,34,-96.24,
Blue River,"Blue River, US 70, Durant",Bryan,OK,US,7332500,410600010010-001AT,Specific Conductance,Likely Upward,-1,↑,72.6,uS/cm,72.6,uS/cm,0.2039,Not Applicable,50,Not Applicable,Not Applicable,0,EGRET,34,-96.24,
Blue River,"Blue River, US 70, Durant",Bryan,OK,US,7332500,410600010010-001AT,Total hardness,Highly Likely Upward,-3,↑↑↑,32.5,mg/L,32.5,mg/L,0.1627,Not Applicable,50,Not Applicable,Not Applicable,0,EGRET,34,-96.24,
Blue River,"Blue River, US 70, Durant",Bryan,OK,US,7332500,410600010010-001AT,Chlorophyll a,No Likely Trend,0,No Significant Trend,-0.0633,ug/L,-0.0633,ug/L,-0.0126,Not Applicable,50,Not Applicable,Not Applicable,0,EGRET,34,-96.24,
Blue River,"Blue River, US 70, Durant",Bryan,OK,US,,,Dissolved oxygen,Highly Likely Upward,-3,↑↑↑,0.07,mg/L,0.07,mg/L,0.188,Not Applicable,50,Not Applicable,Not Applicable,0,Seasonal Kendall,34,-96.24,185
Blue River,"Blue River, US 70, Durant",Bryan,OK,US,,,"Temperature, water",Likely Upward,-1,↑,0.05353,deg C,0.05353,deg C,0.0687,Not Applicable,50,Not Applicable,Not Applicable,0,Seasonal Kendall,34,-96.24,184
Blue River,"Blue River, US 70, Durant",Bryan,OK,US,,,Turbidity,Highly Likely Downward,3,↓↓↓,-0.6405,NTU,-0.6405,NTU,-1.1261,Not Applicable,50,Not Applicable,Not Applicable,0,Seasonal Kendall,34,-96.24,185
Brushy Creek,"Brushy Creek, SH 63, near Haileyville",Pittsburg,OK,US,,,Dissolved oxygen,Somewhat Likely Upward,-2,↑↑,0.08227,mg/L,0.08227,mg/L,0.1615,Not Applicable,50,Not Applicable,Not Applicable,0,Seasonal Kendall,34.84,-95.61,115
Brushy Creek,"Brushy Creek, SH 63, near Haileyville",Pittsburg,OK,US,,,"Temperature, water",No Likely Trend,0,No Significant Trend,No Significant Trend,deg C,No Significant Trend,deg C,0,Not Applicable,50,Not Applicable,Not Applicable,0,Seasonal Kendall,34.84,-95.61,116
Brushy Creek,"Brushy Creek, SH 63, near Haileyville",Pittsburg,OK,US,,,Turbidity,Highly Likely Downward,3,↓↓↓,-1.66,NTU,-1.66,NTU,-1.4042,Not Applicable,50,Not Applicable,Not Applicable,0,Seasonal Kendall,34.84,-95.61,112
Brushy Creek,"Brushy Creek, SH 63, near Haileyville",Pittsburg,OK,US,,,Chlorophyll a,Somewhat Likely Downward,2,↓↓,-0.9591,ug/L,-0.9591,ug/L,-1.7393,Not Applicable,50,Not Applicable,Not Applicable,0,Mann-Kendall,34.84,-95.61,23
Brushy Creek,"Brushy Creek, SH 63, near Haileyville",Pittsburg,OK,US,,,Total Phosphorus,Highly Likely Downward,3,↓↓↓,-0.004248,mg/L,-4.248,ug/L,-1.4867,Not Applicable,50,Not Applicable,Not Applicable,0,Seasonal Kendall,34.84,-95.61,119
Brushy Creek,"Brushy Creek, SH 63, near Haileyville",Pittsburg,OK,US,,,Specific Conductance,No Likely Trend,0,No Significant Trend,No Significant Trend,uS/cm,No Significant Trend,uS/cm,0,Not Applicable,50,Not Applicable,Not Applicable,0,Seasonal Kendall,34.84,-95.61,116
Brushy Creek,"Brushy Creek, SH 63, near Haileyville",Pittsburg,OK,US,,,Total hardness,Likely Upward,-1,↑,1.364,mg/L,1.364,mg/L,0.228,Not Applicable,50,Not Applicable,Not Applicable,0,Seasonal Kendall,34.84,-95.61,116
Brushy Creek,"Brushy Creek, SH 63, near Haileyville",Pittsburg,OK,US,,,Total Nitrogen,No Likely Trend,0,No Significant Trend,No Significant Trend,mg/L,No Significant Trend,ug/L,0,Not Applicable,50,Not Applicable,Not Applicable,0,Seasonal Kendall,34.84,-95.61,118
Canadian River,"Canadian River, SH 2, Whitefield",Haskell,OK,US,,,Dissolved oxygen,Highly Likely Upward,-3,↑↑↑,0.1058,mg/L,0.1058,mg/L,1,Not Applicable,50,Not Applicable,Not Applicable,0,Seasonal Kendall,35.26,-95.24,143
Canadian River,"Canadian River, SH 2, Whitefield",Haskell,OK,US,,,"Temperature, water",Highly Likely Upward,-3,↑↑↑,0.1385,deg C,0.1385,deg C,-0.0001,Not Applicable,50,Not Applicable,Not Applicable,0,Seasonal Kendall,35.26,-95.24,145
Canadian River,"Canadian River, SH 2, Whitefield",Haskell,OK,US,,,Turbidity,Somewhat Likely Upward,-2,↑↑,0.1365,NTU,0.1365,NTU,-0.0004,Not Applicable,50,Not Applicable,Not Applicable,0,Seasonal Kendall,35.26,-95.24,144
Canadian River,"Canadian River, SH 2, Whitefield",Haskell,OK,US,,,Chlorophyll a,No Likely Trend,0,No Significant Trend,No Significant Trend,ug/L,No Significant Trend,ug/L,0,Not Applicable,50,Not Applicable,Not Applicable,0,Seasonal Kendall,35.26,-95.24,71
Canadian River,"Canadian River, SH 2, Whitefield",Haskell,OK,US,,,Total Phosphorus,No Likely Trend,0,No Significant Trend,No Significant Trend,mg/L,No Significant Trend,ug/L,0,Not Applicable,50,Not Applicable,Not Applicable,0,Seasonal Kendall,35.26,-95.24,148
Canadian River,"Canadian River, SH 2, Whitefield",Haskell,OK,US,,,Specific Conductance,Highly Likely Downward,3,↓↓↓,-2.544,uS/cm,-2.544,uS/cm,-0.1307,Not Applicable,50,Not Applicable,Not Applicable,0,Seasonal Kendall,35.26,-95.24,144
Canadian River,"Canadian River, SH 2, Whitefield",Haskell,OK,US,,,Total hardness,Highly Likely Downward,3,↓↓↓,-0.7459,mg/L,-0.7459,mg/L,-0.1065,Not Applicable,50,Not Applicable,Not Applicable,0,Seasonal Kendall,35.26,-95.24,145
Canadian River,"Canadian River, SH 2, Whitefield",Haskell,OK,US,,,Total Nitrogen,Highly Likely Upward,-3,↑↑↑,0.01227,mg/L,12.27,ug/L,0.3292,Not Applicable,50,Not Applicable,Not Applicable,0,Seasonal Kendall,35.26,-95.24,147
Canadian River,"Canadian River, SH 99, near Konawa",Seminole,OK,US,,,Dissolved oxygen,No Likely Trend,0,No Significant Trend,No Significant Trend,mg/L,No Significant Trend,mg/L,0,Not Applicable,50,Not Applicable,Not Applicable,0,Seasonal Kendall,34.93,-96.68,110
Canadian River,"Canadian River, SH 99, near Konawa",Seminole,OK,US,,,"Temperature, water",Likely Downward,1,↓,-0.365,deg C,-0.365,deg C,-0.3343,Not Applicable,50,Not Applicable,Not Applicable,0,Seasonal Kendall,34.93,-96.68,113
Canadian River,"Canadian River, SH 99, near Konawa",Seminole,OK,US,,,Turbidity,Highly Likely Downward,3,↓↓↓,-2.047,NTU,-2.047,NTU,-2.5726,Not Applicable,50,Not Applicable,Not Applicable,0,Seasonal Kendall,34.93,-96.68,111
Canadian River,"Canadian River, SH 99, near Konawa",Seminole,OK,US,,,Chlorophyll a,No Likely Trend,0,No Significant Trend,No Significant Trend,ug/L,No Significant Trend,ug/L,0,Not Applicable,50,Not Applicable,Not Applicable,0,Seasonal Kendall,34.93,-96.68,49
Canadian River,"Canadian River, SH 99, near Konawa",Seminole,OK,US,,,Total Phosphorus,No Likely Trend,0,No Significant Trend,No Significant Trend,mg/L,No Significant Trend,ug/L,0,Not Applicable,50,Not Applicable,Not Applicable,0,Seasonal Kendall,34.93,-96.68,115
Canadian River,"Canadian River, SH 99, near Konawa",Seminole,OK,US,,,Specific Conductance,No Likely Trend,0,No Significant Trend,No Significant Trend,uS/cm,No Significant Trend,uS/cm,0,Not Applicable,50,Not Applicable,Not Applicable,0,Seasonal Kendall,34.93,-96.68,112
Canadian River,"Canadian River, SH 99, near Konawa",Seminole,OK,US,,,Total hardness,No Likely Trend,0,No Significant Trend,No Significant Trend,mg/L,No Significant Trend,mg/L,0,Not Applicable,50,Not Applicable,Not Applicable,0,Seasonal Kendall,34.93,-96.68,114
Canadian River,"Canadian River, SH 99, near Konawa",Seminole,OK,US,,,Total Nitrogen,Likely Upward,-1,↑,0.02645,mg/L,26.45,ug/L,0.2071,Not Applicable,50,Not Applicable,Not Applicable,0,Seasonal Kendall,34.93,-96.68,115
Canadian River,"Canadian River, US 183, Taloga",Dewey,OK,US,,,Dissolved oxygen,Somewhat Likely Upward,-2,↑↑,0.06347,mg/L,0.06347,mg/L,0.0915,Not Applicable,50,Not Applicable,Not Applicable,0,Seasonal Kendall,36.05,-98.97,102
Canadian River,"Canadian River, US 183, Taloga",Dewey,OK,US,,,"Temperature, water",No Likely Trend,0,No Significant Trend,No Significant Trend,deg C,No Significant Trend,deg C,0,Not Applicable,50,Not Applicable,Not Applicable,0,Seasonal Kendall,36.05,-98.97,103
Canadian River,"Canadian River, US 183, Taloga",Dewey,OK,US,,,Turbidity,Highly Likely Downward,3,↓↓↓,-0.6981,NTU,-0.6981,NTU,-1.6329,Not Applicable,50,Not Applicable,Not Applicable,0,Seasonal Kendall,36.05,-98.97,103
Canadian River,"Canadian River, US 183, Taloga",Dewey,OK,US,,,Total Phosphorus,Somewhat Likely Downward,2,↓↓,-0.001406,mg/L,-1.406,ug/L,-1.7211,Not Applicable,50,Not Applicable,Not Applicable,0,Seasonal Kendall,36.05,-98.97,95
Canadian River,"Canadian River, US 183, Taloga",Dewey,OK,US,,,Specific Conductance,Highly Likely Downward,3,↓↓↓,-20.65,uS/cm,-20.65,uS/cm,-0.1255,Not Applicable,50,Not Applicable,Not Applicable,0,Seasonal Kendall,36.05,-98.97,96
Canadian River,"Canadian River, US 183, Taloga",Dewey,OK,US,,,Total hardness,Highly Likely Downward,3,↓↓↓,-17.26,mg/L,-17.26,mg/L,-0.4108,Not Applicable,50,Not Applicable,Not Applicable,0,Seasonal Kendall,36.05,-98.97,94
Canadian River,"Canadian River, US 183, Taloga",Dewey,OK,US,,,Total Nitrogen,Likely Downward,1,↓,-0.01144,mg/L,-11.44,ug/L,-0.2592,Not Applicable,50,Not Applicable,Not Applicable,0,Seasonal Kendall,36.05,-98.97,94
Canadian River,"Canadian River, US 270, Calvin",Hughes,OK,US,7231500,220600010119-001AT,Total Nitrogen,Highly Likely Upward,-3,↑↑↑,0.84,mg/L,840,ug/L,0.7276,Highly Likely Upward,-3,↑↑↑,1.82 10^6 kg/year,0.9047,EGRET,34.98,-96.24,
Canadian River,"Canadian River, US 270, Calvin",Hughes,OK,US,7231500,220600010119-001AT,Total Phosphorus,Likely Upward,-1,↑,0.0613,mg/L,61.3,ug/L,0.2631,Likely Upward,-1,↑,0.22 10^6 kg/year,0.3495,EGRET,34.98,-96.24,
Canadian River,"Canadian River, US 270, Calvin",Hughes,OK,US,7231500,220600010119-001AT,Specific Conductance,No Likely Trend,0,No Significant Trend,-86.5,uS/cm,-86.5,uS/cm,-0.0835,Not Applicable,50,Not Applicable,Not Applicable,0,EGRET,34.98,-96.24,
Canadian River,"Canadian River, US 270, Calvin",Hughes,OK,US,7231500,220600010119-001AT,Total hardness,Likely Downward,1,↓,-40.1,mg/L,-40.1,mg/L,-0.1191,Not Applicable,50,Not Applicable,Not Applicable,0,EGRET,34.98,-96.24,
Canadian River,"Canadian River, US 270, Calvin",Hughes,OK,US,7231500,220600010119-001AT,Chlorophyll a,No Likely Trend,0,No Significant Trend,1.52,ug/L,1.52,ug/L,0.0428,Not Applicable,50,Not Applicable,Not Applicable,0,EGRET,34.98,-96.24,
Canadian River,"Canadian River, US 270, Calvin",Hughes,OK,US,,,Turbidity,Highly Likely Downward,3,↓↓↓,-0.7873,NTU,-0.7873,NTU,-0.9434,Not Applicable,50,Not Applicable,Not Applicable,0,Seasonal Kendall,34.98,-96.24,176
Canadian River,"Canadian River, US 270, Calvin",Hughes,OK,US,,,Dissolved oxygen,Highly Likely Upward,-3,↑↑↑,0.07988,mg/L,0.07988,mg/L,0.1796,Not Applicable,50,Not Applicable,Not Applicable,0,Seasonal Kendall,34.98,-96.24,180
Canadian River,"Canadian River, US 270, Calvin",Hughes,OK,US,,,"Temperature, water",No Likely Trend,0,No Significant Trend,No Significant Trend,deg C,No Significant Trend,deg C,0,Not Applicable,50,Not Applicable,Not Applicable,0,Seasonal Kendall,34.98,-96.24,181
Canadian River,"Canadian River, US 66, Bridgeport",Blaine,OK,US,7228500,520610020150-001AT,Total Nitrogen,Highly Likely Upward,-3,↑↑↑,0.443,mg/L,443,ug/L,0.4422,Likely Upward,-1,↑,0.0524 10^6 kg/year,0.1168,EGRET,35.54,-98.32,
Canadian River,"Canadian River, US 66, Bridgeport",Blaine,OK,US,7228500,520610020150-001AT,Total Phosphorus,Likely Downward,1,↓,-0.0443,mg/L,-44.3,ug/L,-0.2847,Likely Downward,1,↓,-0.051 10^6 kg/year,-0.4549,EGRET,35.54,-98.32,
Canadian River,"Canadian River, US 66, Bridgeport",Blaine,OK,US,7228500,520610020150-001AT,Specific Conductance,Highly Likely Upward,-3,↑↑↑,72.6,uS/cm,72.6,uS/cm,0.2036,Not Applicable,50,Not Applicable,Not Applicable,0,EGRET,35.54,-98.32,
Canadian River,"Canadian River, US 66, Bridgeport",Blaine,OK,US,7228500,520610020150-001AT,Total hardness,Likely Upward,-1,↑,49.9,mg/L,49.9,mg/L,0.082,Not Applicable,50,Not Applicable,Not Applicable,0,EGRET,35.54,-98.32,
Canadian River,"Canadian River, US 66, Bridgeport",Blaine,OK,US,7228500,520610020150-001AT,Chlorophyll a,Likely Downward,1,↓,-1.83,ug/L,-1.83,ug/L,-0.113,Not Applicable,50,Not Applicable,Not Applicable,0,EGRET,35.54,-98.32,
Canadian River,"Canadian River, US 66, Bridgeport",Blaine,OK,US,,,Turbidity,Highly Likely Downward,3,↓↓↓,-0.4768,NTU,-0.4768,NTU,-1.4136,Not Applicable,50,Not Applicable,Not Applicable,0,Seasonal Kendall,35.54,-98.32,174
Canadian River,"Canadian River, US 66, Bridgeport",Blaine,OK,US,,,Dissolved oxygen,Likely Upward,-1,↑,0.02056,mg/L,0.02056,mg/L,0.0505,Not Applicable,50,Not Applicable,Not Applicable,0,Seasonal Kendall,35.54,-98.32,176
Canadian River,"Canadian River, US 66, Bridgeport",Blaine,OK,US,,,"Temperature, water",No Likely Trend,0,No Significant Trend,No Significant Trend,deg C,No Significant Trend,deg C,0,Not Applicable,50,Not Applicable,Not Applicable,0,Seasonal Kendall,35.54,-98.32,176
Canadian River,"Canadian River, US 77, Purcell",Mcclain,OK,US,7229200,520610010010-001AT,Total Nitrogen,Highly Likely Upward,-3,↑↑↑,0.524,mg/L,524,ug/L,0.2122,Highly Likely Downward,3,↓↓↓,-0.256 10^6 kg/year,-0.1847,EGRET,35.01,-97.35,
Canadian River,"Canadian River, US 77, Purcell",Mcclain,OK,US,7229200,520610010010-001AT,Total Phosphorus,Highly Likely Upward,-3,↑↑↑,0.143,mg/L,143,ug/L,0.2659,Highly Likely Downward,3,↓↓↓,-0.229 10^6 kg/year,-0.4227,EGRET,35.01,-97.35,
Canadian River,"Canadian River, US 77, Purcell",Mcclain,OK,US,7229200,520610010010-001AT,Specific Conductance,Likely Downward,1,↓,-44.8,uS/cm,-44.8,uS/cm,-0.0346,Not Applicable,50,Not Applicable,Not Applicable,0,EGRET,35.01,-97.35,
Canadian River,"Canadian River, US 77, Purcell",Mcclain,OK,US,7229200,520610010010-001AT,Total hardness,No Likely Trend,0,No Significant Trend,25.8,mg/L,25.8,mg/L,0.0612,Not Applicable,50,Not Applicable,Not Applicable,0,EGRET,35.01,-97.35,
Canadian River,"Canadian River, US 77, Purcell",Mcclain,OK,US,7229200,520610010010-001AT,Chlorophyll a,Likely Upward,-1,↑,8.06,ug/L,8.06,ug/L,0.14,Not Applicable,50,Not Applicable,Not Applicable,0,EGRET,35.01,-97.35,
Canadian River,"Canadian River, US 77, Purcell",Mcclain,OK,US,,,Dissolved oxygen,No Likely Trend,0,No Significant Trend,No Significant Trend,mg/L,No Significant Trend,mg/L,0,Not Applicable,50,Not Applicable,Not Applicable,0,Seasonal Kendall,35.01,-97.35,173
Canadian River,"Canadian River, US 77, Purcell",Mcclain,OK,US,,,"Temperature, water",No Likely Trend,0,No Significant Trend,No Significant Trend,deg C,No Significant Trend,deg C,0,Not Applicable,50,Not Applicable,Not Applicable,0,Seasonal Kendall,35.01,-97.35,175
Canadian River,"Canadian River, US 77, Purcell",Mcclain,OK,US,,,Turbidity,Highly Likely Downward,3,↓↓↓,-0.5726,NTU,-0.5726,NTU,-0.8761,Not Applicable,50,Not Applicable,Not Applicable,0,Seasonal Kendall,35.01,-97.35,173
Caney Creek,"Caney Creek, off SH 100, Barber",Cherokee,OK,US,,,Turbidity,Highly Likely Downward,3,↓↓↓,-0.09197,NTU,-0.09197,NTU,-0.1365,Not Applicable,50,Not Applicable,Not Applicable,0,Seasonal Kendall,35.78,-94.86,96
Caney Creek,"Caney Creek, off SH 100, Barber",Cherokee,OK,US,,,Dissolved oxygen,No Likely Trend,0,No Significant Trend,No Significant Trend,mg/L,No Significant Trend,mg/L,0,Not Applicable,50,Not Applicable,Not Applicable,0,Seasonal Kendall,35.78,-94.86,98
Caney Creek,"Caney Creek, off SH 100, Barber",Cherokee,OK,US,,,"Temperature, water",Highly Likely Downward,3,↓↓↓,-0.28,deg C,-0.28,deg C,-0.2325,Not Applicable,50,Not Applicable,Not Applicable,0,Seasonal Kendall,35.78,-94.86,98
Caney Creek,"Caney Creek, off SH 100, Barber",Cherokee,OK,US,,,Chlorophyll a,No Likely Trend,0,No Significant Trend,No Significant Trend,ug/L,No Significant Trend,ug/L,0,Not Applicable,50,Not Applicable,Not Applicable,0,Seasonal Kendall,35.78,-94.86,53
Caney Creek,"Caney Creek, off SH 100, Barber",Cherokee,OK,US,,,Total Phosphorus,Highly Likely Downward,3,↓↓↓,-0.002207,mg/L,-2.207,ug/L,-4.8269,Not Applicable,50,Not Applicable,Not Applicable,0,Seasonal Kendall,35.78,-94.86,105
Caney Creek,"Caney Creek, off SH 100, Barber",Cherokee,OK,US,,,Specific Conductance,Highly Likely Upward,-3,↑↑↑,2.895,uS/cm,2.895,uS/cm,0.1598,Not Applicable,50,Not Applicable,Not Applicable,0,Seasonal Kendall,35.78,-94.86,98
Caney Creek,"Caney Creek, off SH 100, Barber",Cherokee,OK,US,,,Total hardness,Highly Likely Upward,-3,↑↑↑,1.449,mg/L,1.449,mg/L,0.1599,Not Applicable,50,Not Applicable,Not Applicable,0,Seasonal Kendall,35.78,-94.86,98
Caney Creek,"Caney Creek, off SH 100, Barber",Cherokee,OK,US,,,Total Nitrogen,Likely Downward,1,↓,-0.02297,mg/L,-22.97,ug/L,-0.3359,Not Applicable,50,Not Applicable,Not Applicable,0,Seasonal Kendall,35.78,-94.86,104
Caney River,"Caney River, off US 75, Ramona",Washington,OK,US,7175500,121400010010-001AT,Total Nitrogen,Highly Likely Upward,-3,↑↑↑,0.494,mg/L,494,ug/L,0.4892,Likely Upward,-1,↑,0.418 10^6 kg/year,0.2566,EGRET,36.51,-95.84,
Caney River,"Caney River, off US 75, Ramona",Washington,OK,US,7175500,121400010010-001AT,Total Phosphorus,Likely Downward,1,↓,-0.0398,mg/L,-39.8,ug/L,-0.2686,Likely Downward,1,↓,-0.12 10^6 kg/year,-0.3684,EGRET,36.51,-95.84,
Caney River,"Caney River, off US 75, Ramona",Washington,OK,US,7175500,121400010010-001AT,Specific Conductance,No Likely Trend,0,No Significant Trend,0.674,uS/cm,0.674,uS/cm,0.0004,Not Applicable,50,Not Applicable,Not Applicable,0,EGRET,36.51,-95.84,
Caney River,"Caney River, off US 75, Ramona",Washington,OK,US,7175500,121400010010-001AT,Total hardness,No Likely Trend,0,No Significant Trend,14.3,mg/L,14.3,mg/L,0.0229,Not Applicable,50,Not Applicable,Not Applicable,0,EGRET,36.51,-95.84,
Caney River,"Caney River, off US 75, Ramona",Washington,OK,US,7175500,121400010010-001AT,Chlorophyll a,No Likely Trend,0,No Significant Trend,-2.47,ug/L,-2.47,ug/L,-0.1455,Not Applicable,50,Not Applicable,Not Applicable,0,EGRET,36.51,-95.84,
Caney River,"Caney River, off US 75, Ramona",Washington,OK,US,,,Dissolved oxygen,Highly Likely Upward,-3,↑↑↑,0.08689,mg/L,0.08689,mg/L,0.2167,Not Applicable,50,Not Applicable,Not Applicable,0,Seasonal Kendall,36.51,-95.84,179
Caney River,"Caney River, off US 75, Ramona",Washington,OK,US,,,"Temperature, water",No Likely Trend,0,No Significant Trend,No Significant Trend,deg C,No Significant Trend,deg C,0,Not Applicable,50,Not Applicable,Not Applicable,0,Seasonal Kendall,36.51,-95.84,179
Caney River,"Caney River, off US 75, Ramona",Washington,OK,US,,,Turbidity,Highly Likely Downward,3,↓↓↓,-1.379,NTU,-1.379,NTU,-1.3106,Not Applicable,50,Not Applicable,Not Applicable,0,Seasonal Kendall,36.51,-95.84,178
Chickaskia River,"Chickaskia River, US 177, Blackwell",Kay,OK,US,7152000,621100000010-001AT,Total Nitrogen,Likely Upward,-1,↑,0.0575,mg/L,57.5,ug/L,0.0329,Highly Likely Downward,3,↓↓↓,-0.388 10^6 kg/year,-0.1872,EGRET,36.81,-97.28,
Chickaskia River,"Chickaskia River, US 177, Blackwell",Kay,OK,US,7152000,621100000010-001AT,Total Phosphorus,No Likely Trend,0,No Significant Trend,0.0102,mg/L,10.2,ug/L,0.0436,Likely Downward,1,↓,-0.0967 10^6 kg/year,-0.1944,EGRET,36.81,-97.28,
Chickaskia River,"Chickaskia River, US 177, Blackwell",Kay,OK,US,7152000,621100000010-001AT,Specific Conductance,Highly Likely Upward,-3,↑↑↑,273,uS/cm,273,uS/cm,0.3394,Not Applicable,50,Not Applicable,Not Applicable,0,EGRET,36.81,-97.28,
Chickaskia River,"Chickaskia River, US 177, Blackwell",Kay,OK,US,7152000,621100000010-001AT,Total hardness,Highly Likely Upward,-3,↑↑↑,72.9,mg/L,72.9,mg/L,0.2374,Not Applicable,50,Not Applicable,Not Applicable,0,EGRET,36.81,-97.28,
Chickaskia River,"Chickaskia River, US 177, Blackwell",Kay,OK,US,7152000,621100000010-001AT,Chlorophyll a,Likely Upward,-1,↑,49,ug/L,49,ug/L,0.3226,Not Applicable,50,Not Applicable,Not Applicable,0,EGRET,36.81,-97.28,
Chickaskia River,"Chickaskia River, US 177, Blackwell",Kay,OK,US,,,Turbidity,Highly Likely Downward,3,↓↓↓,-0.7417,NTU,-0.7417,NTU,-0.8486,Not Applicable,50,Not Applicable,Not Applicable,0,Seasonal Kendall,36.81,-97.28,174
Chickaskia River,"Chickaskia River, US 177, Blackwell",Kay,OK,US,,,Dissolved oxygen,Highly Likely Upward,-3,↑↑↑,0.04189,mg/L,0.04189,mg/L,0.0984,Not Applicable,50,Not Applicable,Not Applicable,0,Seasonal Kendall,36.81,-97.28,172
Chickaskia River,"Chickaskia River, US 177, Blackwell",Kay,OK,US,,,"Temperature, water",No Likely Trend,0,No Significant Trend,No Significant Trend,deg C,No Significant Trend,deg C,0,Not Applicable,50,Not Applicable,Not Applicable,0,Seasonal Kendall,36.81,-97.28,174
Chikaskia River,Chikaskia River near Tonkawa,Kay,OK,US,,,Dissolved oxygen,Likely Upward,-1,↑,0.1036,mg/L,0.1036,mg/L,0.1594,Not Applicable,50,Not Applicable,Not Applicable,0,Seasonal Kendall,36.69,-97.25,42
Chikaskia River,Chikaskia River near Tonkawa,Kay,OK,US,,,"Temperature, water",No Likely Trend,0,No Significant Trend,No Significant Trend,deg C,No Significant Trend,deg C,0,Not Applicable,50,Not Applicable,Not Applicable,0,Seasonal Kendall,36.69,-97.25,42
Chikaskia River,Chikaskia River near Tonkawa,Kay,OK,US,,,Turbidity,No Likely Trend,0,No Significant Trend,No Significant Trend,NTU,No Significant Trend,NTU,0,Not Applicable,50,Not Applicable,Not Applicable,0,Seasonal Kendall,36.69,-97.25,43
Chikaskia River,Chikaskia River near Tonkawa,Kay,OK,US,,,Chlorophyll a,No Likely Trend,0,No Significant Trend,No Significant Trend,ug/L,No Significant Trend,ug/L,0,Not Applicable,50,Not Applicable,Not Applicable,0,Seasonal Kendall,36.69,-97.25,38
Chikaskia River,Chikaskia River near Tonkawa,Kay,OK,US,,,Total Phosphorus,Somewhat Likely Upward,-2,↑↑,0.01141,mg/L,11.41,ug/L,0.334,Not Applicable,50,Not Applicable,Not Applicable,0,Seasonal Kendall,36.69,-97.25,38
Chikaskia River,Chikaskia River near Tonkawa,Kay,OK,US,,,Specific Conductance,No Likely Trend,0,No Significant Trend,No Significant Trend,uS/cm,No Significant Trend,uS/cm,0,Not Applicable,50,Not Applicable,Not Applicable,0,Seasonal Kendall,36.69,-97.25,35
Chikaskia River,Chikaskia River near Tonkawa,Kay,OK,US,,,Total hardness,No Likely Trend,0,No Significant Trend,No Significant Trend,mg/L,No Significant Trend,mg/L,0,Not Applicable,50,Not Applicable,Not Applicable,0,Seasonal Kendall,36.69,-97.25,34
Chikaskia River,Chikaskia River near Tonkawa,Kay,OK,US,,,Total Nitrogen,No Likely Trend,0,No Significant Trend,No Significant Trend,mg/L,No Significant Trend,ug/L,0,Not Applicable,50,Not Applicable,Not Applicable,0,Seasonal Kendall,36.69,-97.25,38
Cimarron River,"Cimarron River, off SH 8, near Ames",Major,OK,US,,,Turbidity,No Likely Trend,0,No Significant Trend,No Significant Trend,NTU,No Significant Trend,NTU,0,Not Applicable,50,Not Applicable,Not Applicable,0,Seasonal Kendall,36.22,-98.25,133
Cimarron River,"Cimarron River, off SH 8, near Ames",Major,OK,US,,,Dissolved oxygen,Likely Upward,-1,↑,0.03689,mg/L,0.03689,mg/L,0.0701,Not Applicable,50,Not Applicable,Not Applicable,0,Seasonal Kendall,36.22,-98.25,132
Cimarron River,"Cimarron River, off SH 8, near Ames",Major,OK,US,,,"Temperature, water",No Likely Trend,0,No Significant Trend,No Significant Trend,deg C,No Significant Trend,deg C,0,Not Applicable,50,Not Applicable,Not Applicable,0,Seasonal Kendall,36.22,-98.25,131
Cimarron River,"Cimarron River, off SH 8, near Ames",Major,OK,US,,,Chlorophyll a,Likely Upward,-1,↑,0.3525,ug/L,0.3525,ug/L,0.3904,Not Applicable,50,Not Applicable,Not Applicable,0,Mann-Kendall,36.22,-98.25,97
Cimarron River,"Cimarron River, off SH 8, near Ames",Major,OK,US,,,Total Phosphorus,No Likely Trend,0,No Significant Trend,No Significant Trend,mg/L,No Significant Trend,ug/L,0,Not Applicable,50,Not Applicable,Not Applicable,0,Seasonal Kendall,36.22,-98.25,133
Cimarron River,"Cimarron River, off SH 8, near Ames",Major,OK,US,,,Specific Conductance,No Likely Trend,0,No Significant Trend,No Significant Trend,uS/cm,No Significant Trend,uS/cm,0,Not Applicable,50,Not Applicable,Not Applicable,0,Seasonal Kendall,36.22,-98.25,132
Cimarron River,"Cimarron River, off SH 8, near Ames",Major,OK,US,,,Total hardness,No Likely Trend,0,No Significant Trend,No Significant Trend,mg/L,No Significant Trend,mg/L,0,Not Applicable,50,Not Applicable,Not Applicable,0,Seasonal Kendall,36.22,-98.25,133
Cimarron River,"Cimarron River, off SH 8, near Ames",Major,OK,US,,,Total Nitrogen,No Likely Trend,0,No Significant Trend,No Significant Trend,mg/L,No Significant Trend,ug/L,0,Not Applicable,50,Not Applicable,Not Applicable,0,Seasonal Kendall,36.22,-98.25,137
Cimarron River,"Cimarron River, off SH 99, Oilton",Creek,OK,US,,,Dissolved oxygen,Highly Likely Upward,-3,↑↑↑,0.1437,mg/L,0.1437,mg/L,0.2009,Not Applicable,50,Not Applicable,Not Applicable,0,Seasonal Kendall,36.09,-96.58,121
Cimarron River,"Cimarron River, off SH 99, Oilton",Creek,OK,US,,,"Temperature, water",No Likely Trend,0,No Significant Trend,No Significant Trend,deg C,No Significant Trend,deg C,0,Not Applicable,50,Not Applicable,Not Applicable,0,Seasonal Kendall,36.09,-96.58,121
Cimarron River,"Cimarron River, off SH 99, Oilton",Creek,OK,US,,,Turbidity,Somewhat Likely Downward,2,↓↓,-1.797,NTU,-1.797,NTU,-0.7218,Not Applicable,50,Not Applicable,Not Applicable,0,Seasonal Kendall,36.09,-96.58,120
Cimarron River,"Cimarron River, off SH 99, Oilton",Creek,OK,US,,,Chlorophyll a,Highly Likely Upward,-3,↑↑↑,7.412,ug/L,7.412,ug/L,0.8439,Not Applicable,50,Not Applicable,Not Applicable,0,Seasonal Kendall,36.09,-96.58,35
Cimarron River,"Cimarron River, off SH 99, Oilton",Creek,OK,US,,,Total Phosphorus,Highly Likely Upward,-3,↑↑↑,0.008794,mg/L,8.794,ug/L,0.381,Not Applicable,50,Not Applicable,Not Applicable,0,Seasonal Kendall,36.09,-96.58,119
Cimarron River,"Cimarron River, off SH 99, Oilton",Creek,OK,US,,,Specific Conductance,No Likely Trend,0,No Significant Trend,No Significant Trend,uS/cm,No Significant Trend,uS/cm,0,Not Applicable,50,Not Applicable,Not Applicable,0,Seasonal Kendall,36.09,-96.58,121
Cimarron River,"Cimarron River, off SH 99, Oilton",Creek,OK,US,,,Total hardness,Somewhat Likely Downward,2,↓↓,-9.161,mg/L,-9.161,mg/L,-0.3041,Not Applicable,50,Not Applicable,Not Applicable,0,Seasonal Kendall,36.09,-96.58,119
Cimarron River,"Cimarron River, off SH 99, Oilton",Creek,OK,US,,,Total Nitrogen,Highly Likely Upward,-3,↑↑↑,0.07899,mg/L,78.99,ug/L,0.5013,Not Applicable,50,Not Applicable,Not Applicable,0,Seasonal Kendall,36.09,-96.58,117
Cimarron River,"Cimarron River, SH 33, Ripley",Payne,OK,US,7161450,620900030010-001AT,Total Nitrogen,Somewhat Likely Upward,-2,↑↑,0.542,mg/L,542,ug/L,0.332,Likely Upward,-1,↑,0.988 10^6 kg/year,0.2186,EGRET,35.99,-96.91,
Cimarron River,"Cimarron River, SH 33, Ripley",Payne,OK,US,7161450,620900030010-001AT,Total Phosphorus,No Likely Trend,0,No Significant Trend,0.0503,mg/L,50.3,ug/L,0.1343,No Likely Trend,0,No Significant Trend,-0.002 10^6 kg/year,-0.0014,EGRET,35.99,-96.91,
Cimarron River,"Cimarron River, SH 33, Ripley",Payne,OK,US,7161450,620900030010-001AT,Specific Conductance,Highly Likely Upward,-3,↑↑↑,1674,uS/cm,1674,uS/cm,0.315,Not Applicable,50,Not Applicable,Not Applicable,0,EGRET,35.99,-96.91,
Cimarron River,"Cimarron River, SH 33, Ripley",Payne,OK,US,7161450,620900030010-001AT,Total hardness,Likely Upward,-1,↑,103,mg/L,103,mg/L,0.1981,Not Applicable,50,Not Applicable,Not Applicable,0,EGRET,35.99,-96.91,
Cimarron River,"Cimarron River, SH 33, Ripley",Payne,OK,US,7161450,620900030010-001AT,Chlorophyll a,Likely Upward,-1,↑,55.1,ug/L,55.1,ug/L,1.5577,Not Applicable,50,Not Applicable,Not Applicable,0,EGRET,35.99,-96.91,
Cimarron River,"Cimarron River, SH 33, Ripley",Payne,OK,US,,,Dissolved oxygen,Somewhat Likely Upward,-2,↑↑,0.08459,mg/L,0.08459,mg/L,0.1688,Not Applicable,50,Not Applicable,Not Applicable,0,Seasonal Kendall,35.99,-96.91,157
Cimarron River,"Cimarron River, SH 33, Ripley",Payne,OK,US,,,"Temperature, water",No Likely Trend,0,No Significant Trend,No Significant Trend,deg C,No Significant Trend,deg C,0,Not Applicable,50,Not Applicable,Not Applicable,0,Seasonal Kendall,35.99,-96.91,157
Cimarron River,"Cimarron River, SH 33, Ripley",Payne,OK,US,,,Turbidity,Somewhat Likely Downward,2,↓↓,-0.7307,NTU,-0.7307,NTU,-0.7141,Not Applicable,50,Not Applicable,Not Applicable,0,Seasonal Kendall,35.99,-96.91,158
Cimarron River,"Cimarron River, SH 81, near Dover",Kingfisher,OK,US,,,Turbidity,Highly Likely Downward,3,↓↓↓,-1.154,NTU,-1.154,NTU,-3.9427,Not Applicable,50,Not Applicable,Not Applicable,0,Seasonal Kendall,35.95,-97.91,119
Cimarron River,"Cimarron River, SH 81, near Dover",Kingfisher,OK,US,,,Dissolved oxygen,No Likely Trend,0,No Significant Trend,No Significant Trend,mg/L,No Significant Trend,mg/L,0,Not Applicable,50,Not Applicable,Not Applicable,0,Seasonal Kendall,35.95,-97.91,116
Cimarron River,"Cimarron River, SH 81, near Dover",Kingfisher,OK,US,,,"Temperature, water",Likely Upward,-1,↑,0.1675,deg C,0.1675,deg C,0.1244,Not Applicable,50,Not Applicable,Not Applicable,0,Seasonal Kendall,35.95,-97.91,117
Cimarron River,"Cimarron River, SH 81, near Dover",Kingfisher,OK,US,,,Chlorophyll a,No Likely Trend,0,No Significant Trend,No Significant Trend,ug/L,No Significant Trend,ug/L,0,Not Applicable,50,Not Applicable,Not Applicable,0,Seasonal Kendall,35.95,-97.91,37
Cimarron River,"Cimarron River, SH 81, near Dover",Kingfisher,OK,US,,,Total Phosphorus,Highly Likely Downward,3,↓↓↓,-0.003223,mg/L,-3.223,ug/L,-0.5649,Not Applicable,50,Not Applicable,Not Applicable,0,Seasonal Kendall,35.95,-97.91,119
Cimarron River,"Cimarron River, SH 81, near Dover",Kingfisher,OK,US,,,Specific Conductance,Highly Likely Upward,-3,↑↑↑,350.4,uS/cm,350.4,uS/cm,0.3528,Not Applicable,50,Not Applicable,Not Applicable,0,Seasonal Kendall,35.95,-97.91,117
Cimarron River,"Cimarron River, SH 81, near Dover",Kingfisher,OK,US,,,Total hardness,Likely Upward,-1,↑,8.577,mg/L,8.577,mg/L,0.138,Not Applicable,50,Not Applicable,Not Applicable,0,Seasonal Kendall,35.95,-97.91,119
Cimarron River,"Cimarron River, SH 81, near Dover",Kingfisher,OK,US,,,Total Nitrogen,No Likely Trend,0,No Significant Trend,No Significant Trend,mg/L,No Significant Trend,ug/L,0,Not Applicable,50,Not Applicable,Not Applicable,0,Seasonal Kendall,35.95,-97.91,118
Cimarron River,"Cimarron River, US 281, near Waynoka",Woods,OK,US,,,Dissolved oxygen,No Likely Trend,0,No Significant Trend,No Significant Trend,mg/L,No Significant Trend,mg/L,0,Not Applicable,50,Not Applicable,Not Applicable,0,Seasonal Kendall,36.52,-98.88,89
Cimarron River,"Cimarron River, US 281, near Waynoka",Woods,OK,US,,,"Temperature, water",No Likely Trend,0,No Significant Trend,No Significant Trend,deg C,No Significant Trend,deg C,0,Not Applicable,50,Not Applicable,Not Applicable,0,Seasonal Kendall,36.52,-98.88,90
Cimarron River,"Cimarron River, US 281, near Waynoka",Woods,OK,US,,,Turbidity,Highly Likely Downward,3,↓↓↓,-0.1975,NTU,-0.1975,NTU,-1.5989,Not Applicable,50,Not Applicable,Not Applicable,0,Seasonal Kendall,36.52,-98.88,91
Cimarron River,"Cimarron River, US 281, near Waynoka",Woods,OK,US,,,Chlorophyll a,No Likely Trend,0,No Significant Trend,No Significant Trend,ug/L,No Significant Trend,ug/L,0,Not Applicable,50,Not Applicable,Not Applicable,0,Seasonal Kendall,36.52,-98.88,41
Cimarron River,"Cimarron River, US 281, near Waynoka",Woods,OK,US,,,Total Phosphorus,Somewhat Likely Downward,2,↓↓,-0.001112,mg/L,-1.112,ug/L,-0.9796,Not Applicable,50,Not Applicable,Not Applicable,0,Seasonal Kendall,36.52,-98.88,88
Cimarron River,"Cimarron River, US 281, near Waynoka",Woods,OK,US,,,Specific Conductance,Highly Likely Upward,-3,↑↑↑,1159,uS/cm,1159,uS/cm,0.392,Not Applicable,50,Not Applicable,Not Applicable,0,Seasonal Kendall,36.52,-98.88,90
Cimarron River,"Cimarron River, US 281, near Waynoka",Woods,OK,US,,,Total hardness,Highly Likely Upward,-3,↑↑↑,46.15,mg/L,46.15,mg/L,0.3846,Not Applicable,50,Not Applicable,Not Applicable,0,Seasonal Kendall,36.52,-98.88,87
Cimarron River,"Cimarron River, US 281, near Waynoka",Woods,OK,US,,,Total Nitrogen,No Likely Trend,0,No Significant Trend,No Significant Trend,mg/L,No Significant Trend,ug/L,0,Not Applicable,50,Not Applicable,Not Applicable,0,Seasonal Kendall,36.52,-98.88,94
Sager Creek,"Sager Creek, off US 412, West Siloam Springs",Woods,OK,US,,,Chlorophyll a,Highly Likely Upward,-3,↑↑↑,0.08112,ug/L,0.08112,ug/L,0.7176,Not Applicable,50,Not Applicable,Not Applicable,0,Seasonal Kendall,36.2,-94.61,54
Sager Creek,"Sager Creek, off US 412, West Siloam Springs",Woods,OK,US,,,Total Phosphorus,No Likely Trend,0,No Significant Trend,No Significant Trend,mg/L,No Significant Trend,ug/L,0,Not Applicable,50,Not Applicable,Not Applicable,0,Seasonal Kendall,36.2,-94.61,114
Sager Creek,"Sager Creek, off US 412, West Siloam Springs",Woods,OK,US,,,Specific Conductance,Likely Upward,-1,↑,2.979,uS/cm,2.979,uS/cm,0.1512,Not Applicable,50,Not Applicable,Not Applicable,0,Seasonal Kendall,36.2,-94.61,106
Sager Creek,"Sager Creek, off US 412, West Siloam Springs",Woods,OK,US,,,Total hardness,Highly Likely Upward,-3,↑↑↑,1.631,mg/L,1.631,mg/L,0.1591,Not Applicable,50,Not Applicable,Not Applicable,0,Seasonal Kendall,36.2,-94.61,107
Sager Creek,"Sager Creek, off US 412, West Siloam Springs",Woods,OK,US,,,Total Nitrogen,Highly Likely Downward,3,↓↓↓,-0.1895,mg/L,-189.5,ug/L,-0.453,Not Applicable,50,Not Applicable,Not Applicable,0,Seasonal Kendall,36.2,-94.61,113
Cimarron River,"Cimarron River, US 77, near Guthrie",Logan,OK,US,,,Dissolved oxygen,Highly Likely Upward,-3,↑↑↑,0.08891,mg/L,0.08891,mg/L,0.183,Not Applicable,50,Not Applicable,Not Applicable,0,Seasonal Kendall,35.92,-97.43,161
Cimarron River,"Cimarron River, US 77, near Guthrie",Logan,OK,US,,,"Temperature, water",Somewhat Likely Upward,-2,↑↑,0.1225,deg C,0.1225,deg C,0.1479,Not Applicable,50,Not Applicable,Not Applicable,0,Seasonal Kendall,35.92,-97.43,162
Cimarron River,"Cimarron River, US 77, near Guthrie",Logan,OK,US,,,Turbidity,Highly Likely Downward,3,↓↓↓,-0.6058,NTU,-0.6058,NTU,-0.8442,Not Applicable,50,Not Applicable,Not Applicable,0,Seasonal Kendall,35.92,-97.43,163
Cimarron River,"Cimarron River, US 77, near Guthrie",Logan,OK,US,,,Chlorophyll a,Highly Likely Upward,-3,↑↑↑,0.9619,ug/L,0.9619,ug/L,0.466,Not Applicable,50,Not Applicable,Not Applicable,0,Seasonal Kendall,35.92,-97.43,103
Cimarron River,"Cimarron River, US 77, near Guthrie",Logan,OK,US,,,Total Phosphorus,Highly Likely Upward,-3,↑↑↑,0.004211,mg/L,4.211,ug/L,0.257,Not Applicable,50,Not Applicable,Not Applicable,0,Seasonal Kendall,35.92,-97.43,166
Cimarron River,"Cimarron River, US 77, near Guthrie",Logan,OK,US,,,Specific Conductance,Highly Likely Upward,-3,↑↑↑,121,uS/cm,121,uS/cm,0.2968,Not Applicable,50,Not Applicable,Not Applicable,0,Seasonal Kendall,35.92,-97.43,160
Cimarron River,"Cimarron River, US 77, near Guthrie",Logan,OK,US,,,Total hardness,No Likely Trend,0,No Significant Trend,No Significant Trend,mg/L,No Significant Trend,mg/L,0,Not Applicable,50,Not Applicable,Not Applicable,0,Seasonal Kendall,35.92,-97.43,162
Cimarron River,"Cimarron River, US 77, near Guthrie",Logan,OK,US,,,Total Nitrogen,Highly Likely Upward,-3,↑↑↑,0.02304,mg/L,23.04,ug/L,0.252,Not Applicable,50,Not Applicable,Not Applicable,0,Seasonal Kendall,35.92,-97.43,166
Cimarron River,"Cimmaron River, off US 64, Mocane",Beaver,OK,US,,,Dissolved oxygen,No Likely Trend,0,No Significant Trend,No Significant Trend,mg/L,No Significant Trend,mg/L,0,Not Applicable,50,Not Applicable,Not Applicable,0,Seasonal Kendall,36.98,-100.31,167
Cimarron River,"Cimmaron River, off US 64, Mocane",Beaver,OK,US,,,"Temperature, water",Somewhat Likely Downward,2,↓↓,-0.1029,deg C,-0.1029,deg C,-0.1444,Not Applicable,50,Not Applicable,Not Applicable,0,Seasonal Kendall,36.98,-100.31,166
Cimarron River,"Cimmaron River, off US 64, Mocane",Beaver,OK,US,,,Turbidity,Highly Likely Downward,3,↓↓↓,-0.6935,NTU,-0.6935,NTU,-4.8567,Not Applicable,50,Not Applicable,Not Applicable,0,Seasonal Kendall,36.98,-100.31,167
Cimarron River,"Cimmaron River, off US 64, Mocane",Beaver,OK,US,,,Chlorophyll a,Highly Likely Downward,3,↓↓↓,-0.2851,ug/L,-0.2851,ug/L,-0.7133,Not Applicable,50,Not Applicable,Not Applicable,0,Seasonal Kendall,36.98,-100.31,60
Cimarron River,"Cimmaron River, off US 64, Mocane",Beaver,OK,US,,,Total Phosphorus,Highly Likely Downward,3,↓↓↓,-0.01324,mg/L,-13.24,ug/L,-27.48,Not Applicable,50,Not Applicable,Not Applicable,0,Seasonal Kendall,36.98,-100.31,164
Cimarron River,"Cimmaron River, off US 64, Mocane",Beaver,OK,US,,,Specific Conductance,Highly Likely Upward,-3,↑↑↑,64.04,uS/cm,64.04,uS/cm,0.2873,Not Applicable,50,Not Applicable,Not Applicable,0,Seasonal Kendall,36.98,-100.31,167
Cimarron River,"Cimmaron River, off US 64, Mocane",Beaver,OK,US,,,Total hardness,Highly Likely Upward,-3,↑↑↑,7.336,mg/L,7.336,mg/L,0.3023,Not Applicable,50,Not Applicable,Not Applicable,0,Seasonal Kendall,36.98,-100.31,165
Cimarron River,"Cimmaron River, off US 64, Mocane",Beaver,OK,US,,,Total Nitrogen,Highly Likely Downward,3,↓↓↓,-0.04293,mg/L,-42.93,ug/L,-2.4657,Not Applicable,50,Not Applicable,Not Applicable,0,Seasonal Kendall,36.98,-100.31,168
Clear Boggy Creek,"Clear Boggy Creek, off US 69, Caney",Atoka,OK,US,,,Turbidity,Highly Likely Downward,3,↓↓↓,-0.9402,NTU,-0.9402,NTU,-1.1097,Not Applicable,50,Not Applicable,Not Applicable,0,Seasonal Kendall,34.25,-96.21,165
Clear Boggy Creek,"Clear Boggy Creek, off US 69, Caney",Atoka,OK,US,,,Dissolved oxygen,Highly Likely Upward,-3,↑↑↑,0.073,mg/L,0.073,mg/L,0.1789,Not Applicable,50,Not Applicable,Not Applicable,0,Seasonal Kendall,34.25,-96.21,165
Clear Boggy Creek,"Clear Boggy Creek, off US 69, Caney",Atoka,OK,US,,,"Temperature, water",No Likely Trend,0,No Significant Trend,No Significant Trend,deg C,No Significant Trend,deg C,0,Not Applicable,50,Not Applicable,Not Applicable,0,Seasonal Kendall,34.25,-96.21,165
Clear Boggy Creek,"Clear Boggy Creek, off US 69, Caney",Atoka,OK,US,,,Chlorophyll a,Highly Likely Upward,-3,↑↑↑,0.5198,ug/L,0.5198,ug/L,0.5343,Not Applicable,50,Not Applicable,Not Applicable,0,Seasonal Kendall,34.25,-96.21,45
Clear Boggy Creek,"Clear Boggy Creek, off US 69, Caney",Atoka,OK,US,,,Total Phosphorus,Somewhat Likely Downward,2,↓↓,-0.001431,mg/L,-1.431,ug/L,-0.4711,Not Applicable,50,Not Applicable,Not Applicable,0,Seasonal Kendall,34.25,-96.21,165
Clear Boggy Creek,"Clear Boggy Creek, off US 69, Caney",Atoka,OK,US,,,Specific Conductance,Highly Likely Upward,-3,↑↑↑,4.636,uS/cm,4.636,uS/cm,0.2019,Not Applicable,50,Not Applicable,Not Applicable,0,Seasonal Kendall,34.25,-96.21,164
Clear Boggy Creek,"Clear Boggy Creek, off US 69, Caney",Atoka,OK,US,,,Total hardness,Highly Likely Upward,-3,↑↑↑,2.162,mg/L,2.162,mg/L,0.2118,Not Applicable,50,Not Applicable,Not Applicable,0,Seasonal Kendall,34.25,-96.21,166
Clear Boggy Creek,"Clear Boggy Creek, off US 69, Caney",Atoka,OK,US,,,Total Nitrogen,Likely Upward,-1,↑,0.006483,mg/L,6.483,ug/L,0.2087,Not Applicable,50,Not Applicable,Not Applicable,0,Seasonal Kendall,34.25,-96.21,164
Cow Creek,"Cow Creek, SH 5, Waurika",Jefferson,OK,US,,,Dissolved oxygen,No Likely Trend,0,No Significant Trend,No Significant Trend,mg/L,No Significant Trend,mg/L,0,Not Applicable,50,Not Applicable,Not Applicable,0,Seasonal Kendall,34.17,-98,75
Cow Creek,"Cow Creek, SH 5, Waurika",Jefferson,OK,US,,,"Temperature, water",No Likely Trend,0,No Significant Trend,No Significant Trend,deg C,No Significant Trend,deg C,0,Not Applicable,50,Not Applicable,Not Applicable,0,Seasonal Kendall,34.17,-98,75
Cow Creek,"Cow Creek, SH 5, Waurika",Jefferson,OK,US,,,Turbidity,Highly Likely Downward,3,↓↓↓,-1.88,NTU,-1.88,NTU,-0.9636,Not Applicable,50,Not Applicable,Not Applicable,0,Seasonal Kendall,34.17,-98,76
Cow Creek,"Cow Creek, SH 5, Waurika",Jefferson,OK,US,,,Chlorophyll a,No Likely Trend,0,No Significant Trend,No Significant Trend,ug/L,No Significant Trend,ug/L,0,Not Applicable,50,Not Applicable,Not Applicable,0,Seasonal Kendall,34.17,-98,39
Cow Creek,"Cow Creek, SH 5, Waurika",Jefferson,OK,US,,,Total Phosphorus,Highly Likely Downward,3,↓↓↓,-0.1493,mg/L,-149.3,ug/L,-6.3511,Not Applicable,50,Not Applicable,Not Applicable,0,Seasonal Kendall,34.17,-98,39
Cow Creek,"Cow Creek, SH 5, Waurika",Jefferson,OK,US,,,Specific Conductance,No Likely Trend,0,No Significant Trend,No Significant Trend,uS/cm,No Significant Trend,uS/cm,0,Not Applicable,50,Not Applicable,Not Applicable,0,Seasonal Kendall,34.17,-98,38
Cow Creek,"Cow Creek, SH 5, Waurika",Jefferson,OK,US,,,Total hardness,No Likely Trend,0,No Significant Trend,No Significant Trend,mg/L,No Significant Trend,mg/L,0,Not Applicable,50,Not Applicable,Not Applicable,0,Seasonal Kendall,34.17,-98,38
Cow Creek,"Cow Creek, SH 5, Waurika",Jefferson,OK,US,,,Total Nitrogen,Highly Likely Downward,3,↓↓↓,-0.7666,mg/L,-766.6,ug/L,-12.804,Not Applicable,50,Not Applicable,Not Applicable,0,Seasonal Kendall,34.17,-98,39
Deep Fork,"Deep Fork River, off SH 16, Beggs",Okmulgee,OK,US,7243500,520700020010-001AT,Total Nitrogen,Somewhat Likely Upward,-2,↑↑,0.608,mg/L,608,ug/L,0.6509,Somewhat Likely Upward,-2,↑↑,0.576 10^6 kg/year,0.4838,EGRET,35.67,-96.07,
Deep Fork,"Deep Fork River, off SH 16, Beggs",Okmulgee,OK,US,7243500,520700020010-001AT,Total Phosphorus,Somewhat Likely Downward,2,↓↓,-0.0403,mg/L,-40.3,ug/L,-0.1842,Likely Downward,1,↓,-0.0243 10^6 kg/year,-0.094,EGRET,35.67,-96.07,
Deep Fork,"Deep Fork River, off SH 16, Beggs",Okmulgee,OK,US,7243500,520700020010-001AT,Specific Conductance,Somewhat Likely Upward,-2,↑↑,96.8,uS/cm,96.8,uS/cm,0.1576,Not Applicable,50,Not Applicable,Not Applicable,0,EGRET,35.67,-96.07,
Deep Fork,"Deep Fork River, off SH 16, Beggs",Okmulgee,OK,US,7243500,520700020010-001AT,Total hardness,Likely Upward,-1,↑,17.9,mg/L,17.9,mg/L,0.0827,Not Applicable,50,Not Applicable,Not Applicable,0,EGRET,35.67,-96.07,
Deep Fork,"Deep Fork River, off SH 16, Beggs",Okmulgee,OK,US,7243500,520700020010-001AT,Chlorophyll a,Likely Upward,-1,↑,13,ug/L,13,ug/L,0.8664,Not Applicable,50,Not Applicable,Not Applicable,0,EGRET,35.67,-96.07,
Deep Fork River,"Deep Fork River, off SH 16, Beggs",Okmulgee,OK,US,,,Turbidity,Highly Likely Downward,3,↓↓↓,-1.625,NTU,-1.625,NTU,-0.6677,Not Applicable,50,Not Applicable,Not Applicable,0,Seasonal Kendall,35.67,-96.07,176
Deep Fork River,"Deep Fork River, off SH 16, Beggs",Okmulgee,OK,US,,,Dissolved oxygen,Highly Likely Upward,-3,↑↑↑,0.07414,mg/L,0.07414,mg/L,0.1963,Not Applicable,50,Not Applicable,Not Applicable,0,Seasonal Kendall,35.67,-96.07,176
Deep Fork River,"Deep Fork River, off SH 16, Beggs",Okmulgee,OK,US,,,"Temperature, water",No Likely Trend,0,No Significant Trend,No Significant Trend,deg C,No Significant Trend,deg C,0,Not Applicable,50,Not Applicable,Not Applicable,0,Seasonal Kendall,35.67,-96.07,176
Deep Fork River,"Deep Fork River, US 377, Stroud",Lincoln,OK,US,,,Dissolved oxygen,No Likely Trend,0,No Significant Trend,No Significant Trend,mg/L,No Significant Trend,mg/L,0,Not Applicable,50,Not Applicable,Not Applicable,0,Seasonal Kendall,35.69,-96.66,110
Deep Fork River,"Deep Fork River, US 377, Stroud",Lincoln,OK,US,,,"Temperature, water",Somewhat Likely Downward,2,↓↓,-0.2035,deg C,-0.2035,deg C,-0.1743,Not Applicable,50,Not Applicable,Not Applicable,0,Seasonal Kendall,35.69,-96.66,110
Deep Fork River,"Deep Fork River, US 377, Stroud",Lincoln,OK,US,,,Turbidity,Likely Downward,1,↓,-0.5177,NTU,-0.5177,NTU,-0.5475,Not Applicable,50,Not Applicable,Not Applicable,0,Seasonal Kendall,35.69,-96.66,107
Deep Fork River,"Deep Fork River, US 377, Stroud",Lincoln,OK,US,,,Total Phosphorus,No Likely Trend,0,No Significant Trend,No Significant Trend,mg/L,No Significant Trend,ug/L,0,Not Applicable,50,Not Applicable,Not Applicable,0,Seasonal Kendall,35.69,-96.66,114
Deep Fork River,"Deep Fork River, US 377, Stroud",Lincoln,OK,US,,,Specific Conductance,Likely Upward,-1,↑,13.08,uS/cm,13.08,uS/cm,0.1947,Not Applicable,50,Not Applicable,Not Applicable,0,Seasonal Kendall,35.69,-96.66,110
Deep Fork River,"Deep Fork River, US 377, Stroud",Lincoln,OK,US,,,Total hardness,No Likely Trend,0,No Significant Trend,No Significant Trend,mg/L,No Significant Trend,mg/L,0,Not Applicable,50,Not Applicable,Not Applicable,0,Seasonal Kendall,35.69,-96.66,110
Deep Fork River,"Deep Fork River, US 377, Stroud",Lincoln,OK,US,,,Total Nitrogen,No Likely Trend,0,No Significant Trend,No Significant Trend,mg/L,No Significant Trend,ug/L,0,Not Applicable,50,Not Applicable,Not Applicable,0,Seasonal Kendall,35.69,-96.66,113
East Cache Creek,"East Cache Creek, SH 53, Walters",Cotton,OK,US,7311000,311300010020-001AT,Total Nitrogen,Highly Likely Upward,-3,↑↑↑,2.68,mg/L,2680,ug/L,0.8076,Likely Upward,-1,↑,0.0458 10^6 kg/year,0.1091,EGRET,34.36,-98.28,
East Cache Creek,"East Cache Creek, SH 53, Walters",Cotton,OK,US,7311000,311300010020-001AT,Total Phosphorus,No Likely Trend,0,No Significant Trend,0.0644,mg/L,64.4,ug/L,0.075,Likely Downward,1,↓,-0.0157 10^6 kg/year,-0.1656,EGRET,34.36,-98.28,
East Cache Creek,"East Cache Creek, SH 53, Walters",Cotton,OK,US,7311000,311300010020-001AT,Specific Conductance,Highly Likely Upward,-3,↑↑↑,270,uS/cm,270,uS/cm,0.4339,Not Applicable,50,Not Applicable,Not Applicable,0,EGRET,34.36,-98.28,
East Cache Creek,"East Cache Creek, SH 53, Walters",Cotton,OK,US,7311000,311300010020-001AT,Total hardness,Highly Likely Upward,-3,↑↑↑,61.6,mg/L,61.6,mg/L,0.3168,Not Applicable,50,Not Applicable,Not Applicable,0,EGRET,34.36,-98.28,
East Cache Creek,"East Cache Creek, SH 53, Walters",Cotton,OK,US,7311000,311300010020-001AT,Chlorophyll a,Likely Upward,-1,↑,3.42,ug/L,3.42,ug/L,0.1579,Not Applicable,50,Not Applicable,Not Applicable,0,EGRET,34.36,-98.28,
East Cache Creek,"East Cache Creek, SH 53, Walters",Cotton,OK,US,,,Dissolved oxygen,Likely Upward,-1,↑,0.0276,mg/L,0.0276,mg/L,0.0835,Not Applicable,50,Not Applicable,Not Applicable,0,Seasonal Kendall,34.36,-98.28,177
East Cache Creek,"East Cache Creek, SH 53, Walters",Cotton,OK,US,,,"Temperature, water",Highly Likely Upward,-3,↑↑↑,0.0777,deg C,0.0777,deg C,0.0942,Not Applicable,50,Not Applicable,Not Applicable,0,Seasonal Kendall,34.36,-98.28,177
East Cache Creek,"East Cache Creek, SH 53, Walters",Cotton,OK,US,,,Turbidity,Highly Likely Downward,3,↓↓↓,-0.693,NTU,-0.693,NTU,-0.751,Not Applicable,50,Not Applicable,Not Applicable,0,Seasonal Kendall,34.36,-98.28,176
Elm Fork of the Red River,"Elm Fork of The Red River, SH 30, near Carl",Harmon,OK,US,,,Turbidity,No Likely Trend,0,No Significant Trend,No Significant Trend,NTU,No Significant Trend,NTU,0,Not Applicable,50,Not Applicable,Not Applicable,0,Seasonal Kendall,35.01,-99.9,122
Elm Fork of the Red River,"Elm Fork of The Red River, SH 30, near Carl",Harmon,OK,US,,,Dissolved oxygen,Likely Upward,-1,↑,0.107,mg/L,0.107,mg/L,0.1462,Not Applicable,50,Not Applicable,Not Applicable,0,Mann-Kendall,35.01,-99.9,120
Elm Fork of the Red River,"Elm Fork of The Red River, SH 30, near Carl",Harmon,OK,US,,,"Temperature, water",Somewhat Likely Upward,-2,↑↑,0.2561,deg C,0.2561,deg C,0.1342,Not Applicable,50,Not Applicable,Not Applicable,0,Seasonal Kendall,35.01,-99.9,119
Elm Fork of the Red River,"Elm Fork of The Red River, SH 30, near Carl",Harmon,OK,US,,,Chlorophyll a,No Likely Trend,0,No Significant Trend,No Significant Trend,ug/L,No Significant Trend,ug/L,0,Not Applicable,50,Not Applicable,Not Applicable,0,Seasonal Kendall,35.01,-99.9,37
Elm Fork of the Red River,"Elm Fork of The Red River, SH 30, near Carl",Harmon,OK,US,,,Total Phosphorus,No Likely Trend,0,No Significant Trend,No Significant Trend,mg/L,No Significant Trend,ug/L,0,Not Applicable,50,Not Applicable,Not Applicable,0,Seasonal Kendall,35.01,-99.9,66
Elm Fork of the Red River,"Elm Fork of The Red River, SH 30, near Carl",Harmon,OK,US,,,Specific Conductance,Somewhat Likely Upward,-2,↑↑,1615,uS/cm,1615,uS/cm,0.4004,Not Applicable,50,Not Applicable,Not Applicable,0,Seasonal Kendall,35.01,-99.9,120
Elm Fork of the Red River,"Elm Fork of The Red River, SH 30, near Carl",Harmon,OK,US,,,Total hardness,Somewhat Likely Upward,-2,↑↑,70.45,mg/L,70.45,mg/L,0.2411,Not Applicable,50,Not Applicable,Not Applicable,0,Seasonal Kendall,35.01,-99.9,124
Elm Fork of the Red River,"Elm Fork of The Red River, SH 30, near Carl",Harmon,OK,US,,,Total Nitrogen,No Likely Trend,0,No Significant Trend,No Significant Trend,mg/L,No Significant Trend,ug/L,0,Not Applicable,50,Not Applicable,Not Applicable,0,Seasonal Kendall,35.01,-99.9,76
Elm Fork Creek,"Elm Fork of The Red River, SH 6, near Granite",Greer,OK,US,,,Turbidity,Somewhat Likely Downward,2,↓↓,-0.2173,NTU,-0.2173,NTU,-0.6066,Not Applicable,50,Not Applicable,Not Applicable,0,Seasonal Kendall,34.89,-99.38,159
Elm Fork Creek,"Elm Fork of The Red River, SH 6, near Granite",Greer,OK,US,,,Dissolved oxygen,No Likely Trend,0,No Significant Trend,No Significant Trend,mg/L,No Significant Trend,mg/L,0,Not Applicable,50,Not Applicable,Not Applicable,0,Seasonal Kendall,34.89,-99.38,156
Elm Fork Creek,"Elm Fork of The Red River, SH 6, near Granite",Greer,OK,US,,,"Temperature, water",Likely Upward,-1,↑,0.1014,deg C,0.1014,deg C,0.087,Not Applicable,50,Not Applicable,Not Applicable,0,Seasonal Kendall,34.89,-99.38,156
Elm Fork Creek,"Elm Fork of The Red River, SH 6, near Granite",Greer,OK,US,,,Chlorophyll a,Likely Upward,-1,↑,0.2123,ug/L,0.2123,ug/L,0.5482,Not Applicable,50,Not Applicable,Not Applicable,0,Seasonal Kendall,34.89,-99.38,89
Elm Fork Creek,"Elm Fork of The Red River, SH 6, near Granite",Greer,OK,US,,,Total Phosphorus,No Likely Trend,0,No Significant Trend,No Significant Trend,mg/L,No Significant Trend,ug/L,0,Not Applicable,50,Not Applicable,Not Applicable,0,Seasonal Kendall,34.89,-99.38,113
Elm Fork Creek,"Elm Fork of The Red River, SH 6, near Granite",Greer,OK,US,,,Specific Conductance,Highly Likely Upward,-3,↑↑↑,459.4,uS/cm,459.4,uS/cm,0.3615,Not Applicable,50,Not Applicable,Not Applicable,0,Seasonal Kendall,34.89,-99.38,156
Elm Fork Creek,"Elm Fork of The Red River, SH 6, near Granite",Greer,OK,US,,,Total hardness,Highly Likely Downward,3,↓↓↓,-19.56,mg/L,-19.56,mg/L,-0.1734,Not Applicable,50,Not Applicable,Not Applicable,0,Seasonal Kendall,34.89,-99.38,157
Elm Fork Creek,"Elm Fork of The Red River, SH 6, near Granite",Greer,OK,US,,,Total Nitrogen,No Likely Trend,0,No Significant Trend,No Significant Trend,mg/L,No Significant Trend,ug/L,0,Not Applicable,50,Not Applicable,Not Applicable,0,Seasonal Kendall,34.89,-99.38,120
Flint Creek,"Flint Creek, US 412, Flint",Delaware,OK,US,7196000,121700060010-001AT,Total Nitrogen,Highly Likely Downward,3,↓↓↓,-0.98,mg/L,-980,ug/L,-0.3028,No Likely Trend,0,No Significant Trend,-0.00637 10^6 kg/year,-0.0192,EGRET,36.19,-94.71,
Flint Creek,"Flint Creek, US 412, Flint",Delaware,OK,US,7196000,121700060010-001AT,Total Phosphorus,Highly Likely Downward,3,↓↓↓,-0.136,mg/L,-136,ug/L,-0.6435,Highly Likely Downward,3,↓↓↓,-0.00978 10^6 kg/year,-0.4681,EGRET,36.19,-94.71,
Flint Creek,"Flint Creek, US 412, Flint",Delaware,OK,US,7196000,121700060010-001AT,Specific Conductance,Likely Upward,-1,↑,22.4,uS/cm,22.4,uS/cm,0.081,Not Applicable,50,Not Applicable,Not Applicable,0,EGRET,36.19,-94.71,
Flint Creek,"Flint Creek, US 412, Flint",Delaware,OK,US,7196000,121700060010-001AT,Total hardness,Highly Likely Upward,-3,↑↑↑,18.2,mg/L,18.2,mg/L,0.1758,Not Applicable,50,Not Applicable,Not Applicable,0,EGRET,36.19,-94.71,
Flint Creek,"Flint Creek, US 412, Flint",Delaware,OK,US,7196000,121700060010-001AT,Chlorophyll a,Highly Likely Upward,-3,↑↑↑,0.33,ug/L,0.33,ug/L,0.3882,Not Applicable,50,Not Applicable,Not Applicable,0,EGRET,36.19,-94.71,
Flint Creek,"Flint Creek, US 412, Flint",Delaware,OK,US,,,Turbidity,No Likely Trend,0,No Significant Trend,No Significant Trend,NTU,No Significant Trend,NTU,0,Not Applicable,50,Not Applicable,Not Applicable,0,Seasonal Kendall,36.19,-94.71,149
Flint Creek,"Flint Creek, US 412, Flint",Delaware,OK,US,,,Dissolved oxygen,Highly Likely Upward,-3,↑↑↑,0.08418,mg/L,0.08418,mg/L,0.1837,Not Applicable,50,Not Applicable,Not Applicable,0,Seasonal Kendall,36.19,-94.71,153
Flint Creek,"Flint Creek, US 412, Flint",Delaware,OK,US,,,"Temperature, water",No Likely Trend,0,No Significant Trend,No Significant Trend,deg C,No Significant Trend,deg C,0,Not Applicable,50,Not Applicable,Not Applicable,0,Seasonal Kendall,36.19,-94.71,153
Fourche-Maline Creek,"Fourche-Maline Creek, off US 270, Red Oak",Latimer,OK,US,7247500,220100040020-001AT,Total Nitrogen,Somewhat Likely Upward,-2,↑↑,0.146,mg/L,146,ug/L,-0.0068,Likely Upward,-1,↑,0.0281 10^6 kg/year,0.2603,EGRET,34.91,-95.16,
Fourche-Maline Creek,"Fourche-Maline Creek, off US 270, Red Oak",Latimer,OK,US,7247500,220100040020-001AT,Total Phosphorus,Somewhat Likely Downward,2,↓↓,-0.0248,mg/L,-24.8,ug/L,-0.2548,Likely Downward,1,↓,-0.00623 10^6 kg/year,-0.3294,EGRET,34.91,-95.16,
Fourche-Maline Creek,"Fourche-Maline Creek, off US 270, Red Oak",Latimer,OK,US,7247500,220100040020-001AT,Specific Conductance,Somewhat Likely Upward,-2,↑↑,72.8,uS/cm,72.8,uS/cm,0.6226,Not Applicable,50,Not Applicable,Not Applicable,0,EGRET,34.91,-95.16,
Fourche-Maline Creek,"Fourche-Maline Creek, off US 270, Red Oak",Latimer,OK,US,7247500,220100040020-001AT,Total hardness,Highly Likely Upward,-3,↑↑↑,18.2,mg/L,18.2,mg/L,0.415,Not Applicable,50,Not Applicable,Not Applicable,0,EGRET,34.91,-95.16,
Fourche-Maline Creek,"Fourche-Maline Creek, off US 270, Red Oak",Latimer,OK,US,7247500,220100040020-001AT,Chlorophyll a,Somewhat Likely Downward,2,↓↓,-8.11,ug/L,-8.11,ug/L,-0.7121,Not Applicable,50,Not Applicable,Not Applicable,0,EGRET,34.91,-95.16,
Fourche-Maline Creek,"Fourche-Maline Creek, off US 270, Red Oak",Latimer,OK,US,,,Dissolved oxygen,No Likely Trend,0,No Significant Trend,No Significant Trend,mg/L,No Significant Trend,mg/L,0,Not Applicable,50,Not Applicable,Not Applicable,0,Seasonal Kendall,34.91,-95.16,183
Fourche-Maline Creek,"Fourche-Maline Creek, off US 270, Red Oak",Latimer,OK,US,,,"Temperature, water",No Likely Trend,0,No Significant Trend,No Significant Trend,deg C,No Significant Trend,deg C,0,Not Applicable,50,Not Applicable,Not Applicable,0,Seasonal Kendall,34.91,-95.16,182
Fourche-Maline Creek,"Fourche-Maline Creek, off US 270, Red Oak",Latimer,OK,US,,,Turbidity,Highly Likely Downward,3,↓↓↓,-0.5123,NTU,-0.5123,NTU,-0.7346,Not Applicable,50,Not Applicable,Not Applicable,0,Seasonal Kendall,34.91,-95.16,180
Fourche-Maline Creek,"Fourche-Maline Creek, off US 270, Red Oak",Latimer,OK,US,,,Chlorophyll a,Likely Downward,1,↓,-0.1669,ug/L,-0.1669,ug/L,-0.7613,Not Applicable,50,Not Applicable,Not Applicable,0,Seasonal Kendall,34.91,-95.16,62
Fourche-Maline Creek,"Fourche-Maline Creek, off US 270, Red Oak",Latimer,OK,US,,,Total Phosphorus,Somewhat Likely Downward,2,↓↓,-0.0005821,mg/L,-0.5821,ug/L,-0.2354,Not Applicable,50,Not Applicable,Not Applicable,0,Seasonal Kendall,34.91,-95.16,181
Fourche-Maline Creek,"Fourche-Maline Creek, off US 270, Red Oak",Latimer,OK,US,,,Specific Conductance,Highly Likely Upward,-3,↑↑↑,2.896,uS/cm,2.896,uS/cm,0.395,Not Applicable,50,Not Applicable,Not Applicable,0,Seasonal Kendall,34.91,-95.16,181
Fourche-Maline Creek,"Fourche-Maline Creek, off US 270, Red Oak",Latimer,OK,US,,,Total hardness,Highly Likely Upward,-3,↑↑↑,0.7459,mg/L,0.7459,mg/L,0.2913,Not Applicable,50,Not Applicable,Not Applicable,0,Seasonal Kendall,34.91,-95.16,184
Fourche-Maline Creek,"Fourche-Maline Creek, off US 270, Red Oak",Latimer,OK,US,,,Total Nitrogen,Highly Likely Upward,-3,↑↑↑,0.006334,mg/L,6.334,ug/L,0.1954,Not Applicable,50,Not Applicable,Not Applicable,0,Seasonal Kendall,34.91,-95.16,182
Glover River,"Glover River, SH3, Glover",Mccurtain,OK,US,7337900,410210080010-001AT,Total Nitrogen,Highly Likely Downward,3,↓↓↓,-0.129,mg/L,-129,ug/L,-0.2446,Highly Likely Downward,3,↓↓↓,-0.129 10^6 kg/year,-0.344,EGRET,34.1,-94.9,
Glover River,"Glover River, SH3, Glover",Mccurtain,OK,US,7337900,410210080010-001AT,Total Phosphorus,Highly Likely Downward,3,↓↓↓,-0.0142,mg/L,-14.2,ug/L,-0.3874,Somewhat Likely Downward,2,↓↓,-0.0096 10^6 kg/year,-0.2964,EGRET,34.1,-94.9,
Glover River,"Glover River, SH3, Glover",Mccurtain,OK,US,7337900,410210080010-001AT,Specific Conductance,Likely Upward,-1,↑,44.9,uS/cm,44.9,uS/cm,0.7605,Not Applicable,50,Not Applicable,Not Applicable,0,EGRET,34.1,-94.9,
Glover River,"Glover River, SH3, Glover",Mccurtain,OK,US,7337900,410210080010-001AT,Total hardness,Likely Upward,-1,↑,5.86,mg/L,5.86,mg/L,0.2559,Not Applicable,50,Not Applicable,Not Applicable,0,EGRET,34.1,-94.9,
Glover River,"Glover River, SH3, Glover",Mccurtain,OK,US,7337900,410210080010-001AT,Chlorophyll a,Somewhat Likely Upward,-2,↑↑,1.33,ug/L,1.33,ug/L,0.7533,Not Applicable,50,Not Applicable,Not Applicable,0,EGRET,34.1,-94.9,
Glover River,"Glover River, SH3, Glover",Mccurtain,OK,US,,,Turbidity,No Likely Trend,0,No Significant Trend,No Significant Trend,NTU,No Significant Trend,NTU,0,Not Applicable,50,Not Applicable,Not Applicable,0,Seasonal Kendall,34.1,-94.9,188
Glover River,"Glover River, SH3, Glover",Mccurtain,OK,US,,,Dissolved oxygen,Highly Likely Upward,-3,↑↑↑,0.06612,mg/L,0.06612,mg/L,0.1702,Not Applicable,50,Not Applicable,Not Applicable,0,Seasonal Kendall,34.1,-94.9,187
Glover River,"Glover River, SH3, Glover",Mccurtain,OK,US,,,"Temperature, water",No Likely Trend,0,No Significant Trend,No Significant Trend,deg C,No Significant Trend,deg C,0,Not Applicable,50,Not Applicable,Not Applicable,0,Seasonal Kendall,34.1,-94.9,186
Illinois River,"Illinois River, US 59, Watts",Adair,OK,US,7195500,121700030350-001AT,Total Nitrogen,No Likely Trend,0,No Significant Trend,0.027,mg/L,27,ug/L,0.0107,Highly Likely Upward,-3,↑↑↑,0.288 10^6 kg/year,0.174,EGRET,36.13,-94.57,
Illinois River,"Illinois River, US 59, Watts",Adair,OK,US,7195500,121700030350-001AT,Total Phosphorus,Highly Likely Downward,3,↓↓↓,-0.257,mg/L,-257,ug/L,-0.7949,Highly Likely Downward,3,↓↓↓,-0.121 10^6 kg/year,-0.4478,EGRET,36.13,-94.57,
Illinois River,"Illinois River, US 59, Watts",Adair,OK,US,7195500,121700030350-001AT,Specific Conductance,Highly Likely Upward,-3,↑↑↑,39.7,uS/cm,39.7,uS/cm,0.1396,Not Applicable,50,Not Applicable,Not Applicable,0,EGRET,36.13,-94.57,
Illinois River,"Illinois River, US 59, Watts",Adair,OK,US,7195500,121700030350-001AT,Total hardness,Highly Likely Upward,-3,↑↑↑,19.9,mg/L,19.9,mg/L,0.1795,Not Applicable,50,Not Applicable,Not Applicable,0,EGRET,36.13,-94.57,
Illinois River,"Illinois River, US 59, Watts",Adair,OK,US,7195500,121700030350-001AT,Chlorophyll a,Highly Likely Upward,-3,↑↑↑,1.38,ug/L,1.38,ug/L,0.5728,Not Applicable,50,Not Applicable,Not Applicable,0,EGRET,36.13,-94.57,
Illinois River,"Illinois River, US 59, Watts",Adair,OK,US,,,Dissolved oxygen,Highly Likely Upward,-3,↑↑↑,0.09806,mg/L,0.09806,mg/L,0.1985,Not Applicable,50,Not Applicable,Not Applicable,0,Seasonal Kendall,36.13,-94.57,155
Illinois River,"Illinois River, US 59, Watts",Adair,OK,US,,,"Temperature, water",No Likely Trend,0,No Significant Trend,No Significant Trend,deg C,No Significant Trend,deg C,0,Not Applicable,50,Not Applicable,Not Applicable,0,Seasonal Kendall,36.13,-94.57,155
Illinois River,"Illinois River, US 59, Watts",Adair,OK,US,,,Turbidity,Highly Likely Downward,3,↓↓↓,-0.2668,NTU,-0.2668,NTU,-1.5104,Not Applicable,50,Not Applicable,Not Applicable,0,Seasonal Kendall,36.13,-94.57,151
Illinois River,"Illinois River, US 62, Tahlequah",Cherokee,OK,US,7196500,121700030010-001AT,Total Nitrogen,Highly Likely Downward,3,↓↓↓,-0.0996,mg/L,-99.6,ug/L,-0.6392,Likely Downward,1,↓,-0.0361 10^6 kg/year,-0.1773,EGRET,35.93,-94.92,
Illinois River,"Illinois River, US 62, Tahlequah",Cherokee,OK,US,7196500,121700030010-001AT,Total Phosphorus,Highly Likely Downward,3,↓↓↓,-0.0996,mg/L,-99.6,ug/L,-0.604,Highly Likely Downward,3,↓↓↓,-0.0361 10^6 kg/year,-0.0966,EGRET,35.93,-94.92,
Illinois River,"Illinois River, US 62, Tahlequah",Cherokee,OK,US,7196500,121700030010-001AT,Specific Conductance,Highly Likely Upward,-3,↑↑↑,45,uS/cm,45,uS/cm,0.1805,Not Applicable,50,Not Applicable,Not Applicable,0,EGRET,35.93,-94.92,
Illinois River,"Illinois River, US 62, Tahlequah",Cherokee,OK,US,7196500,121700030010-001AT,Total hardness,Highly Likely Upward,-3,↑↑↑,18.7,mg/L,18.7,mg/L,0.1789,Not Applicable,50,Not Applicable,Not Applicable,0,EGRET,35.93,-94.92,
Illinois River,"Illinois River, US 62, Tahlequah",Cherokee,OK,US,7196500,121700030010-001AT,Chlorophyll a,No Likely Trend,0,No Significant Trend,0.125,ug/L,0.125,ug/L,0.0322,Not Applicable,50,Not Applicable,Not Applicable,0,EGRET,35.93,-94.92,
Illinois River,"Illinois River, US 62, Tahlequah",Cherokee,OK,US,,,Dissolved oxygen,Highly Likely Upward,-3,↑↑↑,0.108,mg/L,0.108,mg/L,0.2288,Not Applicable,50,Not Applicable,Not Applicable,0,Seasonal Kendall,35.93,-94.92,159
Illinois River,"Illinois River, US 62, Tahlequah",Cherokee,OK,US,,,"Temperature, water",No Likely Trend,0,No Significant Trend,No Significant Trend,deg C,No Significant Trend,deg C,0,Not Applicable,50,Not Applicable,Not Applicable,0,Seasonal Kendall,35.93,-94.92,159
Illinois River,"Illinois River, US 62, Tahlequah",Cherokee,OK,US,,,Turbidity,Highly Likely Downward,3,↓↓↓,-0.04967,NTU,-0.04967,NTU,-0.443,Not Applicable,50,Not Applicable,Not Applicable,0,Seasonal Kendall,35.93,-94.92,155
Kiamichi River,"Kiamichi River, off US 271, Tuskahoma",Pushmataha,OK,US,,,Dissolved oxygen,Highly Likely Upward,-3,↑↑↑,0.08324,mg/L,0.08324,mg/L,0.1306,Not Applicable,50,Not Applicable,Not Applicable,0,Seasonal Kendall,34.61,-95.28,114
Kiamichi River,"Kiamichi River, off US 271, Tuskahoma",Pushmataha,OK,US,,,"Temperature, water",No Likely Trend,0,No Significant Trend,No Significant Trend,deg C,No Significant Trend,deg C,0,Not Applicable,50,Not Applicable,Not Applicable,0,Seasonal Kendall,34.61,-95.28,113
Kiamichi River,"Kiamichi River, off US 271, Tuskahoma",Pushmataha,OK,US,,,Turbidity,Highly Likely Downward,3,↓↓↓,-0.3775,NTU,-0.3775,NTU,-0.543,Not Applicable,50,Not Applicable,Not Applicable,0,Seasonal Kendall,34.61,-95.28,110
Kiamichi River,"Kiamichi River, off US 271, Tuskahoma",Pushmataha,OK,US,,,Chlorophyll a,No Likely Trend,0,No Significant Trend,No Significant Trend,ug/L,No Significant Trend,ug/L,0,Not Applicable,50,Not Applicable,Not Applicable,0,Seasonal Kendall,34.61,-95.28,30
Kiamichi River,"Kiamichi River, off US 271, Tuskahoma",Pushmataha,OK,US,,,Total Phosphorus,Somewhat Likely Downward,2,↓↓,-0.8502,mg/L,-0.8502,ug/L,-0.4229,Not Applicable,50,Not Applicable,Not Applicable,0,Seasonal Kendall,34.61,-95.28,118
Kiamichi River,"Kiamichi River, off US 271, Tuskahoma",Pushmataha,OK,US,,,Specific Conductance,Highly Likely Upward,-3,↑↑↑,2.464,uS/cm,2.464,uS/cm,0.5346,Not Applicable,50,Not Applicable,Not Applicable,0,Seasonal Kendall,34.61,-95.28,113
Kiamichi River,"Kiamichi River, off US 271, Tuskahoma",Pushmataha,OK,US,,,Total hardness,No Likely Trend,0,No Significant Trend,No Significant Trend,mg/L,No Significant Trend,mg/L,0,Not Applicable,50,Not Applicable,Not Applicable,0,Seasonal Kendall,34.61,-95.28,116
Kiamichi River,"Kiamichi River, off US 271, Tuskahoma",Pushmataha,OK,US,,,Total Nitrogen,Likely Upward,-1,↑,0.008848,mg/L,8.848,ug/L,0.2612,Not Applicable,50,Not Applicable,Not Applicable,0,Seasonal Kendall,34.61,-95.28,115
Kiamichi River,"Kiamichi River, SH 109, Fort Towson",Bryan,OK,US,,,Turbidity,Highly Likely Downward,3,↓↓↓,-1.505,NTU,-1.505,NTU,-0.565,Not Applicable,50,Not Applicable,Not Applicable,0,Seasonal Kendall,33.97,-95.28,84
Kiamichi River,"Kiamichi River, SH 109, Fort Towson",Bryan,OK,US,,,Dissolved oxygen,Highly Likely Upward,-3,↑↑↑,0.205,mg/L,0.205,mg/L,0.2278,Not Applicable,50,Not Applicable,Not Applicable,0,Seasonal Kendall,33.97,-95.28,85
Kiamichi River,"Kiamichi River, SH 109, Fort Towson",Bryan,OK,US,,,"Temperature, water",No Likely Trend,0,No Significant Trend,No Significant Trend,deg C,No Significant Trend,deg C,0,Not Applicable,50,Not Applicable,Not Applicable,0,Seasonal Kendall,33.97,-95.28,85
Kiamichi River,"Kiamichi River, SH 109, Fort Towson",Bryan,OK,US,,,Chlorophyll a,No Likely Trend,0,No Significant Trend,No Significant Trend,ug/L,No Significant Trend,ug/L,0,Not Applicable,50,Not Applicable,Not Applicable,0,Seasonal Kendall,33.97,-95.28,33
Kiamichi River,"Kiamichi River, SH 109, Fort Towson",Bryan,OK,US,,,Total Phosphorus,Likely Downward,1,↓,-0.001585,mg/L,-1.585,ug/L,-0.3235,Not Applicable,50,Not Applicable,Not Applicable,0,Seasonal Kendall,33.97,-95.28,85
Kiamichi River,"Kiamichi River, SH 109, Fort Towson",Bryan,OK,US,,,Specific Conductance,Highly Likely Upward,-3,↑↑↑,5.164,uS/cm,5.164,uS/cm,0.5272,Not Applicable,50,Not Applicable,Not Applicable,0,Seasonal Kendall,33.97,-95.28,85
Kiamichi River,"Kiamichi River, SH 109, Fort Towson",Bryan,OK,US,,,Total hardness,No Likely Trend,0,No Significant Trend,No Significant Trend,mg/L,No Significant Trend,mg/L,0,Not Applicable,50,Not Applicable,Not Applicable,0,Seasonal Kendall,33.97,-95.28,85
Kiamichi River,"Kiamichi River, SH 109, Fort Towson",Bryan,OK,US,,,Total Nitrogen,Highly Likely Upward,-3,↑↑↑,0.019,mg/L,19,ug/L,0.3117,Not Applicable,50,Not Applicable,Not Applicable,0,Seasonal Kendall,33.97,-95.28,84
Kiamichi River,"Kiamichi River, SH 63, Big Cedar",Le Flore,OK,US,7335700,410310020010-001AT,Total Nitrogen,Highly Likely Downward,3,↓↓↓,-0.0477,mg/L,-47.7,ug/L,-0.1641,Highly Likely Downward,3,↓↓↓,-0.00838 10^6 kg/year,-0.2584,EGRET,34.64,-94.61,
Kiamichi River,"Kiamichi River, SH 63, Big Cedar",Le Flore,OK,US,7335700,410310020010-001AT,Total Phosphorus,Likely Downward,1,↓,-0.00232,mg/L,-2.32,ug/L,-0.1235,No Likely Trend,0,No Significant Trend,0.000207 10^6 kg/year,0.1624,EGRET,34.64,-94.61,
Kiamichi River,"Kiamichi River, SH 63, Big Cedar",Le Flore,OK,US,7335700,410310020010-001AT,Specific Conductance,Likely Upward,-1,↑,100,uS/cm,100,uS/cm,4.4135,Not Applicable,50,Not Applicable,Not Applicable,0,EGRET,34.64,-94.61,
Kiamichi River,"Kiamichi River, SH 63, Big Cedar",Le Flore,OK,US,7335700,410310020010-001AT,Total hardness,Likely Downward,1,↓,-2.21,mg/L,-2.21,mg/L,-0.1478,Not Applicable,50,Not Applicable,Not Applicable,0,EGRET,34.64,-94.61,
Kiamichi River,"Kiamichi River, SH 63, Big Cedar",Le Flore,OK,US,7335700,410310020010-001AT,Chlorophyll a,Likely Downward,1,↓,-1.22,ug/L,-1.22,ug/L,-0.4973,Not Applicable,50,Not Applicable,Not Applicable,0,EGRET,34.64,-94.61,
Kiamichi River,"Kiamichi River, SH 63, Big Cedar",Le Flore,OK,US,,,Turbidity,No Likely Trend,0,No Significant Trend,No Significant Trend,NTU,No Significant Trend,NTU,0,Not Applicable,50,Not Applicable,Not Applicable,0,Seasonal Kendall,34.64,-94.61,181
Kiamichi River,"Kiamichi River, SH 63, Big Cedar",Le Flore,OK,US,,,Dissolved oxygen,Highly Likely Upward,-3,↑↑↑,0.05867,mg/L,0.05867,mg/L,0.1539,Not Applicable,50,Not Applicable,Not Applicable,0,Seasonal Kendall,34.64,-94.61,184
Kiamichi River,"Kiamichi River, SH 63, Big Cedar",Le Flore,OK,US,,,"Temperature, water",No Likely Trend,0,No Significant Trend,No Significant Trend,deg C,No Significant Trend,deg C,0,Not Applicable,50,Not Applicable,Not Applicable,0,Seasonal Kendall,34.64,-94.61,182
Kiamichi River,"Kiamichi River, US 271, Antlers",Pushmataha,OK,US,7336200,410300030010-001AT,Total Nitrogen,Likely Upward,-1,↑,0.0813,mg/L,81.3,ug/L,0.146,Somewhat Likely Upward,-2,↑↑,0.0713 10^6 kg/year,0.062,EGRET,34.25,-95.61,
Kiamichi River,"Kiamichi River, US 271, Antlers",Pushmataha,OK,US,7336200,410300030010-001AT,Total Phosphorus,Likely Downward,1,↓,-0.0144,mg/L,-14.4,ug/L,-0.2326,No Likely Trend,0,No Significant Trend,-0.067 10^6 kg/year,-0.3752,EGRET,34.25,-95.61,
Kiamichi River,"Kiamichi River, US 271, Antlers",Pushmataha,OK,US,7336200,410300030010-001AT,Specific Conductance,Likely Upward,-1,↑,54.8,uS/cm,54.8,uS/cm,1.0987,Not Applicable,50,Not Applicable,Not Applicable,0,EGRET,34.25,-95.61,
Kiamichi River,"Kiamichi River, US 271, Antlers",Pushmataha,OK,US,7336200,410300030010-001AT,Total hardness,Likely Upward,-1,↑,6.21,mg/L,6.21,mg/L,0.3045,Not Applicable,50,Not Applicable,Not Applicable,0,EGRET,34.25,-95.61,
Kiamichi River,"Kiamichi River, US 271, Antlers",Pushmataha,OK,US,7336200,410300030010-001AT,Chlorophyll a,Likely Downward,1,↓,-6.6,ug/L,-6.6,ug/L,-0.5876,Not Applicable,50,Not Applicable,Not Applicable,0,EGRET,34.25,-95.61,
Kiamichi River,"Kiamichi River, US 271, Antlers",Pushmataha,OK,US,,,Turbidity,No Likely Trend,0,No Significant Trend,No Significant Trend,NTU,No Significant Trend,NTU,0,Not Applicable,50,Not Applicable,Not Applicable,0,Seasonal Kendall,34.25,-95.61,182
Kiamichi River,"Kiamichi River, US 271, Antlers",Pushmataha,OK,US,,,Dissolved oxygen,Highly Likely Upward,-3,↑↑↑,0.06276,mg/L,0.06276,mg/L,0.1767,Not Applicable,50,Not Applicable,Not Applicable,0,Seasonal Kendall,34.25,-95.61,183
Kiamichi River,"Kiamichi River, US 271, Antlers",Pushmataha,OK,US,,,"Temperature, water",No Likely Trend,0,No Significant Trend,No Significant Trend,deg C,No Significant Trend,deg C,0,Not Applicable,50,Not Applicable,Not Applicable,0,Seasonal Kendall,34.25,-95.61,183
Lee Creek,"Lee Creek, SH 101, near Short",Sequoyah,OK,US,7249985,220200050010-001AT,Total Nitrogen,Likely Upward,-1,↑,0.0476,mg/L,47.6,ug/L,0.1964,No Likely Trend,0,No Significant Trend,0.0442 10^6 kg/year,0.1319,EGRET,35.57,-94.53,
Lee Creek,"Lee Creek, SH 101, near Short",Sequoyah,OK,US,7249985,220200050010-001AT,Total Phosphorus,No Likely Trend,0,No Significant Trend,-0.00125,mg/L,-1.25,ug/L,-0.0702,Likely Upward,-1,↑,0.00148 10^6 kg/year,0.0677,EGRET,35.57,-94.53,
Lee Creek,"Lee Creek, SH 101, near Short",Sequoyah,OK,US,7249985,220200050010-001AT,Specific Conductance,Highly Likely Upward,-3,↑↑↑,38.6,uS/cm,38.6,uS/cm,0.5965,Not Applicable,50,Not Applicable,Not Applicable,0,EGRET,35.57,-94.53,
Lee Creek,"Lee Creek, SH 101, near Short",Sequoyah,OK,US,7249985,220200050010-001AT,Total hardness,No Likely Trend,0,No Significant Trend,-1.62,mg/L,-1.62,mg/L,-0.0349,Not Applicable,50,Not Applicable,Not Applicable,0,EGRET,35.57,-94.53,
Lee Creek,"Lee Creek, SH 101, near Short",Sequoyah,OK,US,7249985,220200050010-001AT,Chlorophyll a,Likely Downward,1,↓,-0.329,ug/L,-0.329,ug/L,-0.1575,Not Applicable,50,Not Applicable,Not Applicable,0,EGRET,35.57,-94.53,
Lee Creek,"Lee Creek, SH 101, near Short",Sequoyah,OK,US,,,Dissolved oxygen,Highly Likely Upward,-3,↑↑↑,0.03756,mg/L,0.03756,mg/L,0.0812,Not Applicable,50,Not Applicable,Not Applicable,0,Seasonal Kendall,35.57,-94.53,190
Lee Creek,"Lee Creek, SH 101, near Short",Sequoyah,OK,US,,,"Temperature, water",Likely Upward,-1,↑,0.0738,deg C,0.0738,deg C,0.0867,Not Applicable,50,Not Applicable,Not Applicable,0,Seasonal Kendall,35.57,-94.53,190
Lee Creek,"Lee Creek, SH 101, near Short",Sequoyah,OK,US,,,Turbidity,No Likely Trend,0,No Significant Trend,No Significant Trend,NTU,No Significant Trend,NTU,0,Not Applicable,50,Not Applicable,Not Applicable,0,Seasonal Kendall,35.57,-94.53,187
Little Lee Creek,"Little Lee Creek, SH 101, near Nicut",Sequoyah,OK,US,7249920,220200050040-001AT,Total Nitrogen,Likely Downward,1,↓,-0.0636,mg/L,-63.6,ug/L,-0.2429,Likely Downward,1,↓,-0.0163 10^6 kg/year,-0.2415,EGRET,35.57,-94.56,
Little Lee Creek,"Little Lee Creek, SH 101, near Nicut",Sequoyah,OK,US,7249920,220200050040-001AT,Total Phosphorus,No Likely Trend,0,No Significant Trend,-0.0000511,mg/L,-0.0511,ug/L,-0.0039,No Likely Trend,0,No Significant Trend,-0.000966 10^6 kg/year,-0.2333,EGRET,35.57,-94.56,
Little Lee Creek,"Little Lee Creek, SH 101, near Nicut",Sequoyah,OK,US,7249920,220200050040-001AT,Specific Conductance,Likely Upward,-1,↑,5.66,uS/cm,5.66,uS/cm,0.0415,Not Applicable,50,Not Applicable,Not Applicable,0,EGRET,35.57,-94.56,
Little Lee Creek,"Little Lee Creek, SH 101, near Nicut",Sequoyah,OK,US,7249920,220200050040-001AT,Total hardness,No Likely Trend,0,No Significant Trend,-1.09,mg/L,-1.09,mg/L,-0.0169,Not Applicable,50,Not Applicable,Not Applicable,0,EGRET,35.57,-94.56,
Little Lee Creek,"Little Lee Creek, SH 101, near Nicut",Sequoyah,OK,US,7249920,220200050040-001AT,Chlorophyll a,Highly Likely Upward,-3,↑↑↑,0.416,ug/L,0.416,ug/L,0.554,Not Applicable,50,Not Applicable,Not Applicable,0,EGRET,35.57,-94.56,
Little Lee Creek,"Little Lee Creek, SH 101, near Nicut",Sequoyah,OK,US,,,Dissolved oxygen,No Likely Trend,0,No Significant Trend,No Significant Trend,mg/L,No Significant Trend,mg/L,0,Not Applicable,50,Not Applicable,Not Applicable,0,Seasonal Kendall,35.57,-94.56,146
Little Lee Creek,"Little Lee Creek, SH 101, near Nicut",Sequoyah,OK,US,,,"Temperature, water",Highly Likely Upward,-3,↑↑↑,0.1671,deg C,0.1671,deg C,0.1436,Not Applicable,50,Not Applicable,Not Applicable,0,Seasonal Kendall,35.57,-94.56,144
Little Lee Creek,"Little Lee Creek, SH 101, near Nicut",Sequoyah,OK,US,,,Turbidity,Highly Likely Downward,3,↓↓↓,-0.05014,NTU,-0.05014,NTU,-0.1848,Not Applicable,50,Not Applicable,Not Applicable,0,Seasonal Kendall,35.57,-94.56,143
Little River (Canadian),Little River near Tecumseh,Pottawatomie,OK,US,7231000,520800010010-001AT,Total Nitrogen,Somewhat Likely Upward,-2,↑↑,0.446,mg/L,446,ug/L,0.6274,Somewhat Likely Upward,-2,↑↑,0.407 10^6 kg/year,0.9204,EGRET,35.23,-97.12,
Little River (Canadian),Little River near Tecumseh,Pottawatomie,OK,US,7231000,520800010010-001AT,Total Phosphorus,Highly Likely Downward,3,↓↓↓,-0.0904,mg/L,-90.4,ug/L,-0.4736,Likely Downward,1,↓,-0.0285 10^6 kg/year,-0.1613,EGRET,35.23,-97.12,
Little River (Canadian),Little River near Tecumseh,Pottawatomie,OK,US,7231000,520800010010-001AT,Specific Conductance,No Likely Trend,0,No Significant Trend,30.5,uS/cm,30.5,uS/cm,0.0261,Not Applicable,50,Not Applicable,Not Applicable,0,EGRET,35.23,-97.12,
Little River (Canadian),Little River near Tecumseh,Pottawatomie,OK,US,7231000,520800010010-001AT,Total hardness,Likely Upward,-1,↑,26.9,mg/L,26.9,mg/L,0.0902,Not Applicable,50,Not Applicable,Not Applicable,0,EGRET,35.23,-97.12,
Little River (Canadian),Little River near Tecumseh,Pottawatomie,OK,US,7231000,520800010010-001AT,Chlorophyll a,No Likely Trend,0,No Significant Trend,-2.57,ug/L,-2.57,ug/L,-0.3405,Not Applicable,50,Not Applicable,Not Applicable,0,EGRET,35.23,-97.12,
Little River,Little River near Tecumseh,Pottawatomie,OK,US,,,Dissolved oxygen,No Likely Trend,0,No Significant Trend,No Significant Trend,mg/L,No Significant Trend,mg/L,0,Not Applicable,50,Not Applicable,Not Applicable,0,Seasonal Kendall,35.17,-96.93,41
Little River,Little River near Tecumseh,Pottawatomie,OK,US,,,"Temperature, water",Highly Likely Upward,-3,↑↑↑,1.895,deg C,1.895,deg C,0.5267,Not Applicable,50,Not Applicable,Not Applicable,0,Seasonal Kendall,35.17,-96.93,40
Little River,Little River near Tecumseh,Pottawatomie,OK,US,,,Turbidity,No Likely Trend,0,No Significant Trend,No Significant Trend,NTU,No Significant Trend,NTU,0,Not Applicable,50,Not Applicable,Not Applicable,0,Seasonal Kendall,35.17,-96.93,41
Little River,Little River near Tecumseh,Pottawatomie,OK,US,,,Chlorophyll a,No Likely Trend,0,No Significant Trend,No Significant Trend,ug/L,No Significant Trend,ug/L,0,Not Applicable,50,Not Applicable,Not Applicable,0,Seasonal Kendall,35.17,-96.93,41
Little River,Little River near Tecumseh,Pottawatomie,OK,US,,,Total Phosphorus,Likely Upward,-1,↑,0.002517,mg/L,2.517,ug/L,0.4606,Not Applicable,50,Not Applicable,Not Applicable,0,Mann-Kendall,35.17,-96.93,42
Little River,Little River near Tecumseh,Pottawatomie,OK,US,,,Specific Conductance,No Likely Trend,0,No Significant Trend,No Significant Trend,uS/cm,No Significant Trend,uS/cm,0,Not Applicable,50,Not Applicable,Not Applicable,0,Seasonal Kendall,35.17,-96.93,41
Little River,Little River near Tecumseh,Pottawatomie,OK,US,,,Total hardness,No Likely Trend,0,No Significant Trend,No Significant Trend,mg/L,No Significant Trend,mg/L,0,Not Applicable,50,Not Applicable,Not Applicable,0,Seasonal Kendall,35.17,-96.93,41
Little River,Little River near Tecumseh,Pottawatomie,OK,US,,,Total Nitrogen,Somewhat Likely Downward,2,↓↓,-0.04043,mg/L,-40.43,ug/L,-0.7243,Not Applicable,50,Not Applicable,Not Applicable,0,Seasonal Kendall,35.17,-96.93,42
Little River,"Little River, off SH 3, Cloudy",Pushmataha,OK,US,,,Turbidity,No Likely Trend,0,No Significant Trend,No Significant Trend,NTU,No Significant Trend,NTU,0,Not Applicable,50,Not Applicable,Not Applicable,0,Seasonal Kendall,34.33,-95.2,146
Little River,"Little River, off SH 3, Cloudy",Pushmataha,OK,US,,,Dissolved oxygen,Highly Likely Upward,-3,↑↑↑,0.0599,mg/L,0.0599,mg/L,0.138,Not Applicable,50,Not Applicable,Not Applicable,0,Seasonal Kendall,34.33,-95.2,146
Little River,"Little River, off SH 3, Cloudy",Pushmataha,OK,US,,,"Temperature, water",No Likely Trend,0,No Significant Trend,No Significant Trend,deg C,No Significant Trend,deg C,0,Not Applicable,50,Not Applicable,Not Applicable,0,Seasonal Kendall,34.33,-95.2,147
Little River,"Little River, off SH 3, Cloudy",Pushmataha,OK,US,,,Chlorophyll a,Somewhat Likely Downward,2,↓↓,-0.02833,ug/L,-0.02833,ug/L,-0.5272,Not Applicable,50,Not Applicable,Not Applicable,0,Seasonal Kendall,34.33,-95.2,63
Little River,"Little River, off SH 3, Cloudy",Pushmataha,OK,US,,,Total Phosphorus,Likely Downward,1,↓,-0.0001994,mg/L,-0.1994,ug/L,-0.2945,Not Applicable,50,Not Applicable,Not Applicable,0,Seasonal Kendall,34.33,-95.2,139
Little River,"Little River, off SH 3, Cloudy",Pushmataha,OK,US,,,Specific Conductance,Highly Likely Upward,-3,↑↑↑,1.303,uS/cm,1.303,uS/cm,0.5969,Not Applicable,50,Not Applicable,Not Applicable,0,Seasonal Kendall,34.33,-95.2,147
Little River,"Little River, off SH 3, Cloudy",Pushmataha,OK,US,,,Total hardness,No Likely Trend,0,No Significant Trend,No Significant Trend,mg/L,No Significant Trend,mg/L,0,Not Applicable,50,Not Applicable,Not Applicable,0,Seasonal Kendall,34.33,-95.2,146
Little River,"Little River, off SH 3, Cloudy",Pushmataha,OK,US,,,Total Nitrogen,No Likely Trend,0,No Significant Trend,No Significant Trend,mg/L,No Significant Trend,ug/L,0,Not Applicable,50,Not Applicable,Not Applicable,0,Seasonal Kendall,34.33,-95.2,138
Little River,"Little River, off US 70, near Holly Creek",Mccurtain,OK,US,,,Turbidity,Highly Likely Upward,-3,↑↑↑,0.4286,NTU,0.4286,NTU,0.459,Not Applicable,50,Not Applicable,Not Applicable,0,Seasonal Kendall,33.94,-94.83,131
Little River,"Little River, off US 70, near Holly Creek",Mccurtain,OK,US,,,Dissolved oxygen,Highly Likely Upward,-3,↑↑↑,0.04634,mg/L,0.04634,mg/L,0.1123,Not Applicable,50,Not Applicable,Not Applicable,0,Seasonal Kendall,33.94,-94.83,130
Little River,"Little River, off US 70, near Holly Creek",Mccurtain,OK,US,,,"Temperature, water",Highly Likely Upward,-3,↑↑↑,0.1093,deg C,0.1093,deg C,0.11,Not Applicable,50,Not Applicable,Not Applicable,0,Seasonal Kendall,33.94,-94.83,129
Little River,"Little River, off US 70, near Holly Creek",Mccurtain,OK,US,,,Chlorophyll a,No Likely Trend,0,No Significant Trend,No Significant Trend,ug/L,No Significant Trend,ug/L,0,Not Applicable,50,Not Applicable,Not Applicable,0,Seasonal Kendall,33.94,-94.83,88
Little River,"Little River, off US 70, near Holly Creek",Mccurtain,OK,US,,,Total Phosphorus,Highly Likely Upward,-3,↑↑↑,0.0007987,mg/L,0.7987,ug/L,0.3084,Not Applicable,50,Not Applicable,Not Applicable,0,Seasonal Kendall,33.94,-94.83,128
Little River,"Little River, off US 70, near Holly Creek",Mccurtain,OK,US,,,Specific Conductance,No Likely Trend,0,No Significant Trend,No Significant Trend,uS/cm,No Significant Trend,uS/cm,0,Not Applicable,50,Not Applicable,Not Applicable,0,Seasonal Kendall,33.94,-94.83,130
Little River,"Little River, off US 70, near Holly Creek",Mccurtain,OK,US,,,Total hardness,No Likely Trend,0,No Significant Trend,No Significant Trend,mg/L,No Significant Trend,mg/L,0,Not Applicable,50,Not Applicable,Not Applicable,0,Seasonal Kendall,33.94,-94.83,131
Little River,"Little River, off US 70, near Holly Creek",Mccurtain,OK,US,,,Total Nitrogen,Highly Likely Upward,-3,↑↑↑,0.007435,mg/L,7.435,ug/L,0.2583,Not Applicable,50,Not Applicable,Not Applicable,0,Seasonal Kendall,33.94,-94.83,129
Mountain Fork River,"Mountain Fork River, SH 4, Smithville",Mccurtain,OK,US,7338750,410210060010-001AT,Total Nitrogen,Likely Downward,1,↓,-0.0333,mg/L,-33.3,ug/L,-0.0641,Likely Downward,1,↓,-0.0422 10^6 kg/year,-0.068,EGRET,34.46,-94.63,
Mountain Fork River,"Mountain Fork River, SH 4, Smithville",Mccurtain,OK,US,7338750,410210060010-001AT,Total Phosphorus,No Likely Trend,0,No Significant Trend,-0.00327,mg/L,-3.27,ug/L,-0.0886,No Likely Trend,0,No Significant Trend,-0.00357 10^6 kg/year,-0.0821,EGRET,34.46,-94.63,
Mountain Fork River,"Mountain Fork River, SH 4, Smithville",Mccurtain,OK,US,7338750,410210060010-001AT,Specific Conductance,No Likely Trend,0,No Significant Trend,23.2,uS/cm,23.2,uS/cm,0.4694,Not Applicable,50,Not Applicable,Not Applicable,0,EGRET,34.46,-94.63,
Mountain Fork River,"Mountain Fork River, SH 4, Smithville",Mccurtain,OK,US,7338750,410210060010-001AT,Total hardness,No Likely Trend,0,No Significant Trend,0.309,mg/L,0.309,mg/L,0.0223,Not Applicable,50,Not Applicable,Not Applicable,0,EGRET,34.46,-94.63,
Mountain Fork River,"Mountain Fork River, SH 4, Smithville",Mccurtain,OK,US,7338750,410210060010-001AT,Chlorophyll a,No Likely Trend,0,No Significant Trend,0.207,ug/L,0.207,ug/L,0.0758,Not Applicable,50,Not Applicable,Not Applicable,0,EGRET,34.46,-94.63,
Mountain Fork River,"Mountain Fork River, SH 4, Smithville",Mccurtain,OK,US,,,Dissolved oxygen,Somewhat Likely Upward,-2,↑↑,0.02349,mg/L,0.02349,mg/L,0.0641,Not Applicable,50,Not Applicable,Not Applicable,0,Seasonal Kendall,34.46,-94.63,243
Mountain Fork River,"Mountain Fork River, SH 4, Smithville",Mccurtain,OK,US,,,"Temperature, water",No Likely Trend,0,No Significant Trend,No Significant Trend,deg C,No Significant Trend,deg C,0,Not Applicable,50,Not Applicable,Not Applicable,0,Seasonal Kendall,34.46,-94.63,241
Mountain Fork River,"Mountain Fork River, SH 4, Smithville",Mccurtain,OK,US,,,Turbidity,Somewhat Likely Downward,2,↓↓,-0.05963,NTU,-0.05963,NTU,-0.1735,Not Applicable,50,Not Applicable,Not Applicable,0,Seasonal Kendall,34.46,-94.63,242
Mountain Fork River,"Mountain Fork River, US 70, Eagletown",Mccurtain,OK,US,,,Turbidity,No Likely Trend,0,No Significant Trend,No Significant Trend,NTU,No Significant Trend,NTU,0,Not Applicable,50,Not Applicable,Not Applicable,0,Seasonal Kendall,34.04,-94.62,168
Mountain Fork River,"Mountain Fork River, US 70, Eagletown",Mccurtain,OK,US,,,Dissolved oxygen,Highly Likely Upward,-3,↑↑↑,0.06097,mg/L,0.06097,mg/L,0.1384,Not Applicable,50,Not Applicable,Not Applicable,0,Seasonal Kendall,34.04,-94.62,166
Mountain Fork River,"Mountain Fork River, US 70, Eagletown",Mccurtain,OK,US,,,"Temperature, water",Highly Likely Upward,-3,↑↑↑,0.07993,deg C,0.07993,deg C,0.1006,Not Applicable,50,Not Applicable,Not Applicable,0,Seasonal Kendall,34.04,-94.62,166
Mountain Fork River,"Mountain Fork River, US 70, Eagletown",Mccurtain,OK,US,,,Chlorophyll a,Likely Upward,-1,↑,0.02337,ug/L,0.02337,ug/L,0.2262,Not Applicable,50,Not Applicable,Not Applicable,0,Seasonal Kendall,34.04,-94.62,79
Mountain Fork River,"Mountain Fork River, US 70, Eagletown",Mccurtain,OK,US,,,Total Phosphorus,Likely Downward,1,↓,-0.00005718,mg/L,-0.05718,ug/L,-0.0933,Not Applicable,50,Not Applicable,Not Applicable,0,Seasonal Kendall,34.04,-94.62,167
Mountain Fork River,"Mountain Fork River, US 70, Eagletown",Mccurtain,OK,US,,,Specific Conductance,Highly Likely Upward,-3,↑↑↑,0.7555,uS/cm,0.7555,uS/cm,0.4036,Not Applicable,50,Not Applicable,Not Applicable,0,Seasonal Kendall,34.04,-94.62,163
Mountain Fork River,"Mountain Fork River, US 70, Eagletown",Mccurtain,OK,US,,,Total hardness,No Likely Trend,0,No Significant Trend,No Significant Trend,mg/L,No Significant Trend,mg/L,0,Not Applicable,50,Not Applicable,Not Applicable,0,Seasonal Kendall,34.04,-94.62,167
Mountain Fork River,"Mountain Fork River, US 70, Eagletown",Mccurtain,OK,US,,,Total Nitrogen,Likely Downward,1,↓,-0.002109,mg/L,-2.109,ug/L,-0.156,Not Applicable,50,Not Applicable,Not Applicable,0,Seasonal Kendall,34.04,-94.62,167
Mud Creek,"Mud Creek, SH 32, Courtney",Love,OK,US,7315700,311100040010-001AT,Total Nitrogen,Likely Upward,-1,↑,0.358,mg/L,358,ug/L,0.2753,No Likely Trend,0,No Significant Trend,0.00364 10^6 kg/year,0.0089,EGRET,33.94,-97.48,
Mud Creek,"Mud Creek, SH 32, Courtney",Love,OK,US,7315700,311100040010-001AT,Total Phosphorus,No Likely Trend,0,No Significant Trend,-0.0346,mg/L,-34.6,ug/L,-0.1255,No Likely Trend,0,No Significant Trend,-0.0238 10^6 kg/year,-0.185,EGRET,33.94,-97.48,
Mud Creek,"Mud Creek, SH 32, Courtney",Love,OK,US,7315700,311100040010-001AT,Specific Conductance,Likely Upward,-1,↑,175,uS/cm,175,uS/cm,0.265,Not Applicable,50,Not Applicable,Not Applicable,0,EGRET,33.94,-97.48,
Mud Creek,"Mud Creek, SH 32, Courtney",Love,OK,US,7315700,311100040010-001AT,Total hardness,Likely Upward,-1,↑,49.9,mg/L,49.9,mg/L,0.2272,Not Applicable,50,Not Applicable,Not Applicable,0,EGRET,33.94,-97.48,
Mud Creek,"Mud Creek, SH 32, Courtney",Love,OK,US,7315700,311100040010-001AT,Chlorophyll a,No Likely Trend,0,No Significant Trend,2.59,ug/L,2.59,ug/L,0.1186,Not Applicable,50,Not Applicable,Not Applicable,0,EGRET,33.94,-97.48,
Mud Creek,"Mud Creek, SH 32, Courtney",Love,OK,US,,,Turbidity,No Likely Trend,0,No Significant Trend,No Significant Trend,NTU,No Significant Trend,NTU,0,Not Applicable,50,Not Applicable,Not Applicable,0,Seasonal Kendall,33.94,-97.48,179
Mud Creek,"Mud Creek, SH 32, Courtney",Love,OK,US,,,Dissolved oxygen,No Likely Trend,0,No Significant Trend,No Significant Trend,mg/L,No Significant Trend,mg/L,0,Not Applicable,50,Not Applicable,Not Applicable,0,Seasonal Kendall,33.94,-97.48,180
Mud Creek,"Mud Creek, SH 32, Courtney",Love,OK,US,,,"Temperature, water",No Likely Trend,0,No Significant Trend,No Significant Trend,deg C,No Significant Trend,deg C,0,Not Applicable,50,Not Applicable,Not Applicable,0,Seasonal Kendall,33.94,-97.48,180
Muddy Boggy Creek,"Muddy Boggy Creek, US 70, Unger",Choctaw,OK,US,7335300,410400010070-001AT,Total Nitrogen,Likely Upward,-1,↑,0.112,mg/L,112,ug/L,0.1306,No Likely Trend,0,No Significant Trend,-0.0576 10^6 kg/year,-0.0248,EGRET,34.03,-95.75,
Muddy Boggy Creek,"Muddy Boggy Creek, US 70, Unger",Choctaw,OK,US,7335300,410400010070-001AT,Total Phosphorus,Highly Likely Downward,3,↓↓↓,-0.0984,mg/L,-98.4,ug/L,-0.4477,Highly Likely Downward,3,↓↓↓,-0.305 10^6 kg/year,-0.4436,EGRET,34.03,-95.75,
Muddy Boggy Creek,"Muddy Boggy Creek, US 70, Unger",Choctaw,OK,US,7335300,410400010070-001AT,Specific Conductance,Highly Likely Upward,-3,↑↑↑,126,uS/cm,126,uS/cm,0.4147,Not Applicable,50,Not Applicable,Not Applicable,0,EGRET,34.03,-95.75,
Muddy Boggy Creek,"Muddy Boggy Creek, US 70, Unger",Choctaw,OK,US,7335300,410400010070-001AT,Total hardness,Highly Likely Upward,-3,↑↑↑,22.7,mg/L,22.7,mg/L,0.1744,Not Applicable,50,Not Applicable,Not Applicable,0,EGRET,34.03,-95.75,
Muddy Boggy Creek,"Muddy Boggy Creek, US 70, Unger",Choctaw,OK,US,7335300,410400010070-001AT,Chlorophyll a,Likely Upward,-1,↑,2.71,ug/L,2.71,ug/L,0.2998,Not Applicable,50,Not Applicable,Not Applicable,0,EGRET,34.03,-95.75,
Muddy Boggy Creek,"Muddy Boggy Creek, US 70, Unger",Choctaw,OK,US,,,Dissolved oxygen,Highly Likely Upward,-3,↑↑↑,0.04882,mg/L,0.04882,mg/L,0.1357,Not Applicable,50,Not Applicable,Not Applicable,0,Seasonal Kendall,34.03,-95.75,175
Muddy Boggy Creek,"Muddy Boggy Creek, US 70, Unger",Choctaw,OK,US,,,"Temperature, water",No Likely Trend,0,No Significant Trend,No Significant Trend,deg C,No Significant Trend,deg C,0,Not Applicable,50,Not Applicable,Not Applicable,0,Seasonal Kendall,34.03,-95.75,175
Muddy Boggy Creek,"Muddy Boggy Creek, US 70, Unger",Choctaw,OK,US,,,Turbidity,Somewhat Likely Downward,2,↓↓,-0.6729,NTU,-0.6729,NTU,-0.371,Not Applicable,50,Not Applicable,Not Applicable,0,Seasonal Kendall,34.03,-95.75,174
Muddy Boggy Creek,"Muddy Boggy River, US 69, Atoka",Atoka,OK,US,,,Turbidity,No Likely Trend,0,No Significant Trend,No Significant Trend,NTU,No Significant Trend,NTU,0,Not Applicable,50,Not Applicable,Not Applicable,0,Seasonal Kendall,34.39,-96.12,180
Muddy Boggy Creek,"Muddy Boggy River, US 69, Atoka",Atoka,OK,US,,,Dissolved oxygen,Likely Upward,-1,↑,0.02783,mg/L,0.02783,mg/L,0.096,Not Applicable,50,Not Applicable,Not Applicable,0,Seasonal Kendall,34.39,-96.12,180
Muddy Boggy Creek,"Muddy Boggy River, US 69, Atoka",Atoka,OK,US,,,"Temperature, water",Somewhat Likely Upward,-2,↑↑,0.06963,deg C,0.06963,deg C,0.0922,Not Applicable,50,Not Applicable,Not Applicable,0,Seasonal Kendall,34.39,-96.12,180
Muddy Boggy Creek,"Muddy Boggy River, US 69, Atoka",Atoka,OK,US,,,Chlorophyll a,No Likely Trend,0,No Significant Trend,No Significant Trend,ug/L,No Significant Trend,ug/L,0,Not Applicable,50,Not Applicable,Not Applicable,0,Seasonal Kendall,34.39,-96.12,61
Muddy Boggy Creek,"Muddy Boggy River, US 69, Atoka",Atoka,OK,US,,,Total Phosphorus,Likely Downward,1,↓,-0.001138,mg/L,-1.138,ug/L,-0.3034,Not Applicable,50,Not Applicable,Not Applicable,0,Seasonal Kendall,34.39,-96.12,179
Muddy Boggy Creek,"Muddy Boggy River, US 69, Atoka",Atoka,OK,US,,,Specific Conductance,Highly Likely Upward,-3,↑↑↑,2.688,uS/cm,2.688,uS/cm,0.2487,Not Applicable,50,Not Applicable,Not Applicable,0,Seasonal Kendall,34.39,-96.12,180
Muddy Boggy Creek,"Muddy Boggy River, US 69, Atoka",Atoka,OK,US,,,Total hardness,Highly Likely Upward,-3,↑↑↑,1.152,mg/L,1.152,mg/L,0.2758,Not Applicable,50,Not Applicable,Not Applicable,0,Seasonal Kendall,34.39,-96.12,180
Muddy Boggy Creek,"Muddy Boggy River, US 69, Atoka",Atoka,OK,US,,,Total Nitrogen,Highly Likely Upward,-3,↑↑↑,0.01309,mg/L,13.09,ug/L,0.2773,Not Applicable,50,Not Applicable,Not Applicable,0,Seasonal Kendall,34.39,-96.12,182
Neosho River,"Neosho River, off SH 137, Connor Bridge",Ottawa,OK,US,,,Turbidity,Somewhat Likely Downward,2,↓↓,-2.91,NTU,-2.91,NTU,-1.535,Not Applicable,50,Not Applicable,Not Applicable,0,Seasonal Kendall,36.8,-94.82,68
Neosho River,"Neosho River, off SH 137, Connor Bridge",Ottawa,OK,US,,,Dissolved oxygen,No Likely Trend,0,No Significant Trend,No Significant Trend,mg/L,No Significant Trend,mg/L,0,Not Applicable,50,Not Applicable,Not Applicable,0,Seasonal Kendall,36.8,-94.82,68
Neosho River,"Neosho River, off SH 137, Connor Bridge",Ottawa,OK,US,,,"Temperature, water",No Likely Trend,0,No Significant Trend,No Significant Trend,deg C,No Significant Trend,deg C,0,Not Applicable,50,Not Applicable,Not Applicable,0,Seasonal Kendall,36.8,-94.82,68
Neosho River,"Neosho River, off SH 137, Connor Bridge",Ottawa,OK,US,,,Total Phosphorus,No Likely Trend,0,No Significant Trend,No Significant Trend,mg/L,No Significant Trend,ug/L,0,Not Applicable,50,Not Applicable,Not Applicable,0,Seasonal Kendall,36.8,-94.82,70
Neosho River,"Neosho River, off SH 137, Connor Bridge",Ottawa,OK,US,,,Specific Conductance,No Likely Trend,0,No Significant Trend,No Significant Trend,uS/cm,No Significant Trend,uS/cm,0,Not Applicable,50,Not Applicable,Not Applicable,0,Seasonal Kendall,36.8,-94.82,67
Neosho River,"Neosho River, off SH 137, Connor Bridge",Ottawa,OK,US,,,Total hardness,No Likely Trend,0,No Significant Trend,No Significant Trend,mg/L,No Significant Trend,mg/L,0,Not Applicable,50,Not Applicable,Not Applicable,0,Seasonal Kendall,36.8,-94.82,69
Neosho River,"Neosho River, off SH 137, Connor Bridge",Ottawa,OK,US,,,Total Nitrogen,No Likely Trend,0,No Significant Trend,No Significant Trend,mg/L,No Significant Trend,ug/L,0,Not Applicable,50,Not Applicable,Not Applicable,0,Seasonal Kendall,36.8,-94.82,68
Neosho River,"Neosho River, off US 66, Commerce",Ottawa,OK,US,,,Turbidity,Likely Downward,1,↓,-0.8737,NTU,-0.8737,NTU,-0.7037,Not Applicable,50,Not Applicable,Not Applicable,0,Seasonal Kendall,36.93,-94.96,134
Neosho River,"Neosho River, off US 66, Commerce",Ottawa,OK,US,,,Dissolved oxygen,Likely Upward,-1,↑,0.0409,mg/L,0.0409,mg/L,0.0882,Not Applicable,50,Not Applicable,Not Applicable,0,Seasonal Kendall,36.93,-94.96,136
Neosho River,"Neosho River, off US 66, Commerce",Ottawa,OK,US,,,"Temperature, water",No Likely Trend,0,No Significant Trend,No Significant Trend,deg C,No Significant Trend,deg C,0,Not Applicable,50,Not Applicable,Not Applicable,0,Seasonal Kendall,36.93,-94.96,135
Neosho River,"Neosho River, off US 66, Commerce",Ottawa,OK,US,,,Chlorophyll a,No Likely Trend,0,No Significant Trend,No Significant Trend,ug/L,No Significant Trend,ug/L,0,Not Applicable,50,Not Applicable,Not Applicable,0,Seasonal Kendall,36.93,-94.96,98
Neosho River,"Neosho River, off US 66, Commerce",Ottawa,OK,US,,,Total Phosphorus,No Likely Trend,0,No Significant Trend,No Significant Trend,mg/L,No Significant Trend,ug/L,0,Not Applicable,50,Not Applicable,Not Applicable,0,Seasonal Kendall,36.93,-94.96,139
Neosho River,"Neosho River, off US 66, Commerce",Ottawa,OK,US,,,Specific Conductance,No Likely Trend,0,No Significant Trend,No Significant Trend,uS/cm,No Significant Trend,uS/cm,0,Not Applicable,50,Not Applicable,Not Applicable,0,Seasonal Kendall,36.93,-94.96,136
Neosho River,"Neosho River, off US 66, Commerce",Ottawa,OK,US,,,Total hardness,Somewhat Likely Upward,-2,↑↑,2.292,mg/L,2.292,mg/L,0.2131,Not Applicable,50,Not Applicable,Not Applicable,0,Seasonal Kendall,36.93,-94.96,136
Neosho River,"Neosho River, off US 66, Commerce",Ottawa,OK,US,,,Total Nitrogen,No Likely Trend,0,No Significant Trend,No Significant Trend,mg/L,No Significant Trend,ug/L,0,Not Applicable,50,Not Applicable,Not Applicable,0,Seasonal Kendall,36.93,-94.96,139
Neosho River,"Neosho River, SH 82, Langley",Mayes,OK,US,,,Turbidity,Highly Likely Downward,3,↓↓↓,-0.1039,NTU,-0.1039,NTU,-0.3491,Not Applicable,50,Not Applicable,Not Applicable,0,Seasonal Kendall,36.44,-95.06,151
Neosho River,"Neosho River, SH 82, Langley",Mayes,OK,US,,,Dissolved oxygen,Somewhat Likely Upward,-2,↑↑,0.05119,mg/L,0.05119,mg/L,0.1327,Not Applicable,50,Not Applicable,Not Applicable,0,Seasonal Kendall,36.44,-95.06,155
Neosho River,"Neosho River, SH 82, Langley",Mayes,OK,US,,,"Temperature, water",No Likely Trend,0,No Significant Trend,No Significant Trend,deg C,No Significant Trend,deg C,0,Not Applicable,50,Not Applicable,Not Applicable,0,Seasonal Kendall,36.44,-95.06,154
Neosho River,"Neosho River, SH 82, Langley",Mayes,OK,US,,,Chlorophyll a,No Likely Trend,0,No Significant Trend,No Significant Trend,ug/L,No Significant Trend,ug/L,0,Not Applicable,50,Not Applicable,Not Applicable,0,Seasonal Kendall,36.44,-95.06,98
Neosho River,"Neosho River, SH 82, Langley",Mayes,OK,US,,,Total Phosphorus,No Likely Trend,0,No Significant Trend,No Significant Trend,mg/L,No Significant Trend,ug/L,0,Not Applicable,50,Not Applicable,Not Applicable,0,Seasonal Kendall,36.44,-95.06,158
Neosho River,"Neosho River, SH 82, Langley",Mayes,OK,US,,,Specific Conductance,Highly Likely Upward,-3,↑↑↑,1.586,uS/cm,1.586,uS/cm,0.1245,Not Applicable,50,Not Applicable,Not Applicable,0,Seasonal Kendall,36.44,-95.06,155
Neosho River,"Neosho River, SH 82, Langley",Mayes,OK,US,,,Total hardness,Highly Likely Upward,-3,↑↑↑,0.648,mg/L,0.648,mg/L,0.1121,Not Applicable,50,Not Applicable,Not Applicable,0,Seasonal Kendall,36.44,-95.06,154
Neosho River,"Neosho River, SH 82, Langley",Mayes,OK,US,,,Total Nitrogen,Somewhat Likely Upward,-2,↑↑,0.01181,mg/L,11.81,ug/L,0.2486,Not Applicable,50,Not Applicable,Not Applicable,0,Seasonal Kendall,36.44,-95.06,158
Neosho River,"Neosho River, US 412, Chouteau",Mayes,OK,US,7191500,121600010280-001AT,Total Nitrogen,No Likely Trend,0,No Significant Trend,-0.0193,mg/L,-19.3,ug/L,-0.016,Highly Likely Upward,-3,↑↑↑,2.65 10^6 kg/year,0.2451,EGRET,36.18,-95.28,
Neosho River,"Neosho River, US 412, Chouteau",Mayes,OK,US,7191500,121600010280-001AT,Total Phosphorus,Highly Likely Downward,3,↓↓↓,-0.129,mg/L,-129,ug/L,-0.4419,No Likely Trend,0,No Significant Trend,-0.0795 10^6 kg/year,-0.0638,EGRET,36.18,-95.28,
Neosho River,"Neosho River, US 412, Chouteau",Mayes,OK,US,7191500,121600010280-001AT,Specific Conductance,Highly Likely Upward,-3,↑↑↑,63.2,uS/cm,63.2,uS/cm,0.2368,Not Applicable,50,Not Applicable,Not Applicable,0,EGRET,36.18,-95.28,
Neosho River,"Neosho River, US 412, Chouteau",Mayes,OK,US,7191500,121600010280-001AT,Total hardness,Highly Likely Upward,-3,↑↑↑,14.9,mg/L,14.9,mg/L,0.1228,Not Applicable,50,Not Applicable,Not Applicable,0,EGRET,36.18,-95.28,
Neosho River,"Neosho River, US 412, Chouteau",Mayes,OK,US,7191500,121600010280-001AT,Chlorophyll a,Likely Downward,1,↓,-4.81,ug/L,-4.81,ug/L,0.2556,Not Applicable,50,Not Applicable,Not Applicable,0,EGRET,36.18,-95.28,
Neosho River,"Neosho River, US 412, Chouteau",Mayes,OK,US,,,Turbidity,Highly Likely Downward,3,↓↓↓,-0.2,NTU,-0.2,NTU,-0.2867,Not Applicable,50,Not Applicable,Not Applicable,0,Seasonal Kendall,36.18,-95.28,140
Neosho River,"Neosho River, US 412, Chouteau",Mayes,OK,US,,,Dissolved oxygen,Somewhat Likely Upward,-2,↑↑,0.04841,mg/L,0.04841,mg/L,0.1134,Not Applicable,50,Not Applicable,Not Applicable,0,Seasonal Kendall,36.18,-95.28,142
Neosho River,"Neosho River, US 412, Chouteau",Mayes,OK,US,,,"Temperature, water",No Likely Trend,0,No Significant Trend,No Significant Trend,deg C,No Significant Trend,deg C,0,Not Applicable,50,Not Applicable,Not Applicable,0,Seasonal Kendall,36.18,-95.28,142
North Canadian River,"North Canadian River, off US 62, Harrah",Oklahoma,OK,US,,,Turbidity,Highly Likely Downward,3,↓↓↓,-3.86,NTU,-3.86,NTU,-0.7419,Not Applicable,50,Not Applicable,Not Applicable,0,Seasonal Kendall,35.5,-97.19,81
North Canadian River,"North Canadian River, off US 62, Harrah",Oklahoma,OK,US,,,Dissolved oxygen,No Likely Trend,0,No Significant Trend,No Significant Trend,mg/L,No Significant Trend,mg/L,0,Not Applicable,50,Not Applicable,Not Applicable,0,Seasonal Kendall,35.5,-97.19,82
North Canadian River,"North Canadian River, off US 62, Harrah",Oklahoma,OK,US,,,"Temperature, water",No Likely Trend,0,No Significant Trend,No Significant Trend,deg C,No Significant Trend,deg C,0,Not Applicable,50,Not Applicable,Not Applicable,0,Seasonal Kendall,35.5,-97.19,82
North Canadian River,"North Canadian River, off US 62, Harrah",Oklahoma,OK,US,,,Total Phosphorus,Highly Likely Upward,-3,↑↑↑,0.05415,mg/L,54.15,ug/L,0.4058,Not Applicable,50,Not Applicable,Not Applicable,0,Seasonal Kendall,35.5,-97.19,81
North Canadian River,"North Canadian River, off US 62, Harrah",Oklahoma,OK,US,,,Specific Conductance,Highly Likely Downward,3,↓↓↓,-40.3,uS/cm,-40.3,uS/cm,-0.4479,Not Applicable,50,Not Applicable,Not Applicable,0,Seasonal Kendall,35.5,-97.19,80
North Canadian River,"North Canadian River, off US 62, Harrah",Oklahoma,OK,US,,,Total hardness,Highly Likely Downward,3,↓↓↓,-15.83,mg/L,-15.83,mg/L,-0.7752,Not Applicable,50,Not Applicable,Not Applicable,0,Seasonal Kendall,35.5,-97.19,78
North Canadian River,"North Canadian River, off US 62, Harrah",Oklahoma,OK,US,,,Total Nitrogen,Highly Likely Upward,-3,↑↑↑,0.3365,mg/L,336.5,ug/L,0.5745,Not Applicable,50,Not Applicable,Not Applicable,0,Seasonal Kendall,35.5,-97.19,80
North Canadian River,"North Canadian River, SH 3E, Shawnee",Pottawatomie,OK,US,,,Dissolved oxygen,Likely Upward,-1,↑,0.1129,mg/L,0.1129,mg/L,0.1252,Not Applicable,50,Not Applicable,Not Applicable,0,Seasonal Kendall,35.33,-96.87,86
North Canadian River,"North Canadian River, SH 3E, Shawnee",Pottawatomie,OK,US,,,"Temperature, water",No Likely Trend,0,No Significant Trend,No Significant Trend,deg C,No Significant Trend,deg C,0,Not Applicable,50,Not Applicable,Not Applicable,0,Seasonal Kendall,35.33,-96.87,88
North Canadian River,"North Canadian River, SH 3E, Shawnee",Pottawatomie,OK,US,,,Turbidity,Somewhat Likely Downward,2,↓↓,-1.259,NTU,-1.259,NTU,-0.5605,Not Applicable,50,Not Applicable,Not Applicable,0,Seasonal Kendall,35.33,-96.87,88
North Canadian River,"North Canadian River, SH 3E, Shawnee",Pottawatomie,OK,US,,,Chlorophyll a,No Likely Trend,0,No Significant Trend,No Significant Trend,ug/L,No Significant Trend,ug/L,0,Not Applicable,50,Not Applicable,Not Applicable,0,Seasonal Kendall,35.33,-96.87,51
North Canadian River,"North Canadian River, SH 3E, Shawnee",Pottawatomie,OK,US,,,Total Phosphorus,Somewhat Likely Upward,-2,↑↑,0.01847,mg/L,18.47,ug/L,0.2457,Not Applicable,50,Not Applicable,Not Applicable,0,Mann-Kendall,35.33,-96.87,90
North Canadian River,"North Canadian River, SH 3E, Shawnee",Pottawatomie,OK,US,,,Specific Conductance,Highly Likely Upward,-3,↑↑↑,18.54,uS/cm,18.54,uS/cm,0.2112,Not Applicable,50,Not Applicable,Not Applicable,0,Seasonal Kendall,35.33,-96.87,88
North Canadian River,"North Canadian River, SH 3E, Shawnee",Pottawatomie,OK,US,,,Total hardness,Likely Upward,-1,↑,2.992,mg/L,2.992,mg/L,0.1245,Not Applicable,50,Not Applicable,Not Applicable,0,Seasonal Kendall,35.33,-96.87,88
North Canadian River,"North Canadian River, SH 3E, Shawnee",Pottawatomie,OK,US,,,Total Nitrogen,Highly Likely Upward,-3,↑↑↑,0.09324,mg/L,93.24,ug/L,0.2466,Not Applicable,50,Not Applicable,Not Applicable,0,Seasonal Kendall,35.33,-96.87,90
North Canadian River,"North Canadian River, US 281, Seiling",Major,OK,US,,,Dissolved oxygen,Likely Upward,-1,↑,0.02995,mg/L,0.02995,mg/L,0.0662,Not Applicable,50,Not Applicable,Not Applicable,0,Seasonal Kendall,36.18,-98.92,163
North Canadian River,"North Canadian River, US 281, Seiling",Major,OK,US,,,"Temperature, water",Highly Likely Upward,-3,↑↑↑,0.1269,deg C,0.1269,deg C,0.1599,Not Applicable,50,Not Applicable,Not Applicable,0,Seasonal Kendall,36.18,-98.92,164
North Canadian River,"North Canadian River, US 281, Seiling",Major,OK,US,,,Turbidity,Highly Likely Downward,3,↓↓↓,-0.6862,NTU,-0.6862,NTU,-3.3792,Not Applicable,50,Not Applicable,Not Applicable,0,Seasonal Kendall,36.18,-98.92,164
North Canadian River,"North Canadian River, US 281, Seiling",Major,OK,US,,,Chlorophyll a,Somewhat Likely Upward,-2,↑↑,0.7678,ug/L,0.7678,ug/L,0.582,Not Applicable,50,Not Applicable,Not Applicable,0,Mann-Kendall,36.18,-98.92,59
North Canadian River,"North Canadian River, US 281, Seiling",Major,OK,US,,,Total Phosphorus,No Likely Trend,0,No Significant Trend,No Significant Trend,mg/L,No Significant Trend,ug/L,0,Not Applicable,50,Not Applicable,Not Applicable,0,Seasonal Kendall,36.18,-98.92,163
North Canadian River,"North Canadian River, US 281, Seiling",Major,OK,US,,,Specific Conductance,Highly Likely Upward,-3,↑↑↑,8.254,uS/cm,8.254,uS/cm,0.1101,Not Applicable,50,Not Applicable,Not Applicable,0,Seasonal Kendall,36.18,-98.92,163
North Canadian River,"North Canadian River, US 281, Seiling",Major,OK,US,,,Total hardness,Highly Likely Upward,-3,↑↑↑,8.404,mg/L,8.404,mg/L,0.2958,Not Applicable,50,Not Applicable,Not Applicable,0,Seasonal Kendall,36.18,-98.92,162
North Canadian River,"North Canadian River, US 281, Seiling",Major,OK,US,,,Total Nitrogen,No Likely Trend,0,No Significant Trend,No Significant Trend,mg/L,No Significant Trend,ug/L,0,Not Applicable,50,Not Applicable,Not Applicable,0,Seasonal Kendall,36.18,-98.92,164
Canadian River (Woodward),"North Canadian River, US 412, Woodward",Woodward,OK,US,7237500,720500010140-001AT,Total Nitrogen,Highly Likely Upward,-3,↑↑↑,0.719,mg/L,719,ug/L,0.4096,Highly Likely Downward,3,↓↓↓,-0.0631 10^6 kg/year,-0.4766,EGRET,36.44,-99.28,
Canadian River (Woodward),"North Canadian River, US 412, Woodward",Woodward,OK,US,7237500,720500010140-001AT,Total Phosphorus,Highly Likely Downward,3,↓↓↓,-0.186,mg/L,-186,ug/L,1.4499,Highly Likely Downward,3,↓↓↓,-0.039 10^6 kg/year,-0.2933,EGRET,36.44,-99.28,
Canadian River (Woodward),"North Canadian River, US 412, Woodward",Woodward,OK,US,7237500,720500010140-001AT,Specific Conductance,Highly Likely Upward,-3,↑↑↑,682,uS/cm,682,uS/cm,0.441,Not Applicable,50,Not Applicable,Not Applicable,0,EGRET,36.44,-99.28,
Canadian River (Woodward),"North Canadian River, US 412, Woodward",Woodward,OK,US,7237500,720500010140-001AT,Total hardness,Highly Likely Upward,-3,↑↑↑,119,mg/L,119,mg/L,0.2289,Not Applicable,50,Not Applicable,Not Applicable,0,EGRET,36.44,-99.28,
Canadian River (Woodward),"North Canadian River, US 412, Woodward",Woodward,OK,US,7237500,720500010140-001AT,Chlorophyll a,No Likely Trend,0,No Significant Trend,-5.26,ug/L,-5.26,ug/L,0.2485,Not Applicable,50,Not Applicable,Not Applicable,0,EGRET,36.44,-99.28,
North Canadian River,"North Canadian River, US 412, Woodward",Woodward,OK,US,,,Dissolved oxygen,Highly Likely Upward,-3,↑↑↑,0.07053,mg/L,0.07053,mg/L,0.1422,Not Applicable,50,Not Applicable,Not Applicable,0,Seasonal Kendall,36.44,-99.28,157
North Canadian River,"North Canadian River, US 412, Woodward",Woodward,OK,US,,,"Temperature, water",Somewhat Likely Upward,-2,↑↑,0.1165,deg C,0.1165,deg C,0.1324,Not Applicable,50,Not Applicable,Not Applicable,0,Seasonal Kendall,36.44,-99.28,159
North Canadian River,"North Canadian River, US 412, Woodward",Woodward,OK,US,,,Turbidity,Highly Likely Downward,3,↓↓↓,-0.2064,NTU,-0.2064,NTU,-0.4607,Not Applicable,50,Not Applicable,Not Applicable,0,Seasonal Kendall,36.44,-99.28,160
North Canadian River,"North Canadian River, US 75, Wetumka",Hughes,OK,US,7242000,520510000010-001AT,Total Nitrogen,Highly Likely Upward,-3,↑↑↑,1.09,mg/L,1090,ug/L,0.5346,Likely Upward,-1,↑,0.416 10^6 kg/year,0.1776,EGRET,35.26,-96.21,
North Canadian River,"North Canadian River, US 75, Wetumka",Hughes,OK,US,7242000,520510000010-001AT,Total Phosphorus,Highly Likely Upward,-3,↑↑↑,0.15,mg/L,150,ug/L,0.3083,No Likely Trend,0,No Significant Trend,0.0521 10^6 kg/year,0.0738,EGRET,35.26,-96.21,
North Canadian River,"North Canadian River, US 75, Wetumka",Hughes,OK,US,7242000,520510000010-001AT,Specific Conductance,No Likely Trend,0,No Significant Trend,9,uS/cm,9,uS/cm,0.0124,Not Applicable,50,Not Applicable,Not Applicable,0,EGRET,35.26,-96.21,
North Canadian River,"North Canadian River, US 75, Wetumka",Hughes,OK,US,7242000,520510000010-001AT,Total hardness,No Likely Trend,0,No Significant Trend,-18.4,mg/L,-18.4,mg/L,-0.0692,Not Applicable,50,Not Applicable,Not Applicable,0,EGRET,35.26,-96.21,
North Canadian River,"North Canadian River, US 75, Wetumka",Hughes,OK,US,7242000,520510000010-001AT,Chlorophyll a,Likely Upward,-1,↑,40.4,ug/L,40.4,ug/L,0.3958,Not Applicable,50,Not Applicable,Not Applicable,0,EGRET,35.26,-96.21,
North Canadian River,"North Canadian River, US 75, Wetumka",Hughes,OK,US,,,Dissolved oxygen,Highly Likely Upward,-3,↑↑↑,0.1032,mg/L,0.1032,mg/L,0.2148,Not Applicable,50,Not Applicable,Not Applicable,0,Seasonal Kendall,35.26,-96.21,171
North Canadian River,"North Canadian River, US 75, Wetumka",Hughes,OK,US,,,"Temperature, water",No Likely Trend,0,No Significant Trend,No Significant Trend,deg C,No Significant Trend,deg C,0,Not Applicable,50,Not Applicable,Not Applicable,0,Seasonal Kendall,35.26,-96.21,172
North Canadian River,"North Canadian River, US 75, Wetumka",Hughes,OK,US,,,Turbidity,Highly Likely Downward,3,↓↓↓,-1.836,NTU,-1.836,NTU,-0.6616,Not Applicable,50,Not Applicable,Not Applicable,0,Seasonal Kendall,35.26,-96.21,172
North Canadian River,"North Canadian River, US 81, El Reno",Canadian,OK,US,7239500,520530000010-001AT,Total Nitrogen,Highly Likely Upward,-3,↑↑↑,0.349,mg/L,349,ug/L,0.4148,No Likely Trend,0,No Significant Trend,0.01 10^6 kg/year,0.0353,EGRET,35.56,-97.96,
North Canadian River,"North Canadian River, US 81, El Reno",Canadian,OK,US,7239500,520530000010-001AT,Total Phosphorus,No Likely Trend,0,No Significant Trend,0.0156,mg/L,15.6,ug/L,0.0988,Somewhat Likely Downward,2,↓↓,-0.0128 10^6 kg/year,-0.1954,EGRET,35.56,-97.96,
North Canadian River,"North Canadian River, US 81, El Reno",Canadian,OK,US,7239500,520530000010-001AT,Specific Conductance,Likely Upward,-1,↑,76.2,uS/cm,76.2,uS/cm,0.0538,Not Applicable,50,Not Applicable,Not Applicable,0,EGRET,35.56,-97.96,
North Canadian River,"North Canadian River, US 81, El Reno",Canadian,OK,US,7239500,520530000010-001AT,Total hardness,Highly Likely Upward,-3,↑↑↑,112,mg/L,112,mg/L,0.2579,Not Applicable,50,Not Applicable,Not Applicable,0,EGRET,35.56,-97.96,
North Canadian River,"North Canadian River, US 81, El Reno",Canadian,OK,US,7239500,520530000010-001AT,Chlorophyll a,No Likely Trend,0,No Significant Trend,2.3,ug/L,2.3,ug/L,0.1123,Not Applicable,50,Not Applicable,Not Applicable,0,EGRET,35.56,-97.96,
North Canadian River,"North Canadian River, US 81, El Reno",Canadian,OK,US,,,Turbidity,No Likely Trend,0,No Significant Trend,No Significant Trend,NTU,No Significant Trend,NTU,0,Not Applicable,50,Not Applicable,Not Applicable,0,Seasonal Kendall,35.56,-97.96,177
North Canadian River,"North Canadian River, US 81, El Reno",Canadian,OK,US,,,Dissolved oxygen,No Likely Trend,0,No Significant Trend,No Significant Trend,mg/L,No Significant Trend,mg/L,0,Not Applicable,50,Not Applicable,Not Applicable,0,Seasonal Kendall,35.56,-97.96,178
North Canadian River,"North Canadian River, US 81, El Reno",Canadian,OK,US,,,"Temperature, water",Somewhat Likely Upward,-2,↑↑,0.07785,deg C,0.07785,deg C,0.102,Not Applicable,50,Not Applicable,Not Applicable,0,Seasonal Kendall,35.56,-97.96,177
North Fork Red River,"North Fork of Red River, US 62, Headrick",Tillman,OK,US,7305000,311500010020-001AT,Total Nitrogen,Highly Likely Upward,-3,↑↑↑,0.282,mg/L,282,ug/L,0.2836,Likely Upward,-1,↑,0.379 10^6 kg/year,1.0166,EGRET,34.64,-99.1,
North Fork Red River,"North Fork of Red River, US 62, Headrick",Tillman,OK,US,7305000,311500010020-001AT,Total Phosphorus,No Likely Trend,0,No Significant Trend,-0.0129,mg/L,-12.9,ug/L,-0.082,Highly Likely Upward,-3,↑↑↑,0.23 10^6 kg/year,1.5453,EGRET,34.64,-99.1,
North Fork Red River,"North Fork of Red River, US 62, Headrick",Tillman,OK,US,7305000,311500010020-001AT,Specific Conductance,Likely Downward,1,↓,-438,uS/cm,-438,uS/cm,-0.0461,Not Applicable,50,Not Applicable,Not Applicable,0,EGRET,34.64,-99.1,
North Fork Red River,"North Fork of Red River, US 62, Headrick",Tillman,OK,US,7305000,311500010020-001AT,Total hardness,No Likely Trend,0,No Significant Trend,-9.54,mg/L,-9.54,mg/L,-0.009,Not Applicable,50,Not Applicable,Not Applicable,0,EGRET,34.64,-99.1,
North Fork Red River,"North Fork of Red River, US 62, Headrick",Tillman,OK,US,7305000,311500010020-001AT,Chlorophyll a,Likely Downward,1,↓,-9.24,ug/L,-9.24,ug/L,-0.3001,Not Applicable,50,Not Applicable,Not Applicable,0,EGRET,34.64,-99.1,
North Fork of the Red River,"North Fork of Red River, US 62, Headrick",Tillman,OK,US,,,Turbidity,Highly Likely Downward,3,↓↓↓,-0.417,NTU,-0.417,NTU,-2.2129,Not Applicable,50,Not Applicable,Not Applicable,0,Seasonal Kendall,34.64,-99.1,222
North Fork of the Red River,"North Fork of Red River, US 62, Headrick",Tillman,OK,US,,,Dissolved oxygen,No Likely Trend,0,No Significant Trend,No Significant Trend,mg/L,No Significant Trend,mg/L,0,Not Applicable,50,Not Applicable,Not Applicable,0,Seasonal Kendall,34.64,-99.1,215
North Fork of the Red River,"North Fork of Red River, US 62, Headrick",Tillman,OK,US,,,"Temperature, water",No Likely Trend,0,No Significant Trend,No Significant Trend,deg C,No Significant Trend,deg C,0,Not Applicable,50,Not Applicable,Not Applicable,0,Seasonal Kendall,34.64,-99.1,216
North Fork of the Red River,North Fork of The Red River near Tipton,Bryan,OK,US,,,Dissolved oxygen,Somewhat Likely Downward,2,↓↓,-0.611,mg/L,-0.611,mg/L,-0.4806,Not Applicable,50,Not Applicable,Not Applicable,0,Mann-Kendall,34.51,-99.21,37
North Fork of the Red River,North Fork of The Red River near Tipton,Bryan,OK,US,,,"Temperature, water",Likely Downward,1,↓,-0.3742,deg C,-0.3742,deg C,-0.1273,Not Applicable,50,Not Applicable,Not Applicable,0,Seasonal Kendall,34.51,-99.21,37
North Fork of the Red River,North Fork of The Red River near Tipton,Bryan,OK,US,,,Turbidity,Likely Upward,-1,↑,5.921,NTU,5.921,NTU,0.8872,Not Applicable,50,Not Applicable,Not Applicable,0,Seasonal Kendall,34.51,-99.21,38
North Fork of the Red River,North Fork of The Red River near Tipton,Bryan,OK,US,,,Chlorophyll a,No Likely Trend,0,No Significant Trend,No Significant Trend,ug/L,No Significant Trend,ug/L,0,Not Applicable,50,Not Applicable,Not Applicable,0,Seasonal Kendall,34.51,-99.21,40
North Fork of the Red River,North Fork of The Red River near Tipton,Bryan,OK,US,,,Total Phosphorus,Highly Likely Downward,3,↓↓↓,-0.0574,mg/L,-57.4,ug/L,-3.1537,Not Applicable,50,Not Applicable,Not Applicable,0,Seasonal Kendall,34.51,-99.21,40
North Fork of the Red River,North Fork of The Red River near Tipton,Bryan,OK,US,,,Specific Conductance,Highly Likely Downward,3,↓↓↓,-851.1,uS/cm,-851.1,uS/cm,-1.3,Not Applicable,50,Not Applicable,Not Applicable,0,Seasonal Kendall,34.51,-99.21,37
North Fork of the Red River,North Fork of The Red River near Tipton,Bryan,OK,US,,,Total hardness,Likely Downward,1,↓,-62.85,mg/L,-62.85,mg/L,-0.4867,Not Applicable,50,Not Applicable,Not Applicable,0,Seasonal Kendall,34.51,-99.21,38
North Fork of the Red River,North Fork of The Red River near Tipton,Bryan,OK,US,,,Total Nitrogen,No Likely Trend,0,No Significant Trend,No Significant Trend,mg/L,No Significant Trend,ug/L,0,Not Applicable,50,Not Applicable,Not Applicable,0,Seasonal Kendall,34.51,-99.21,40
North Fork of the Red River,"North Fork of The Red River, SH 34, Carter",Beckham,OK,US,7301500,311510010010-001AT,Total Nitrogen,Likely Downward,1,↓,-0.132,mg/L,-132,ug/L,-0.1153,Highly Likely Downward,3,↓↓↓,-0.0463 10^6 kg/year,-0.2509,EGRET,35.17,-99.51,
North Fork of the Red River,"North Fork of The Red River, SH 34, Carter",Beckham,OK,US,7301500,311510010010-001AT,Total Phosphorus,Somewhat Likely Downward,2,↓↓,-0.0715,mg/L,-71.5,ug/L,-0.5021,Likely Downward,1,↓,-0.0678 10^6 kg/year,-0.6515,EGRET,35.17,-99.51,
North Fork of the Red River,"North Fork of The Red River, SH 34, Carter",Beckham,OK,US,7301500,311510010010-001AT,Specific Conductance,Likely Upward,-1,↑,177,uS/cm,177,uS/cm,0.2037,Not Applicable,50,Not Applicable,Not Applicable,0,EGRET,35.17,-99.51,
North Fork of the Red River,"North Fork of The Red River, SH 34, Carter",Beckham,OK,US,7301500,311510010010-001AT,Total hardness,Highly Likely Upward,-3,↑↑↑,281,mg/L,281,mg/L,0.1066,Not Applicable,50,Not Applicable,Not Applicable,0,EGRET,35.17,-99.51,
North Fork of the Red River,"North Fork of The Red River, SH 34, Carter",Beckham,OK,US,7301500,311510010010-001AT,Chlorophyll a,Likely Downward,1,↓,-1.2,ug/L,-1.2,ug/L,-0.0985,Not Applicable,50,Not Applicable,Not Applicable,0,EGRET,35.17,-99.51,
North Fork of the Red River,"North Fork of The Red River, SH 34, Carter",Beckham,OK,US,,,Turbidity,Highly Likely Downward,3,↓↓↓,-0.3517,NTU,-0.3517,NTU,-1.3861,Not Applicable,50,Not Applicable,Not Applicable,0,Seasonal Kendall,35.17,-99.51,171
North Fork of the Red River,"North Fork of The Red River, SH 34, Carter",Beckham,OK,US,,,Dissolved oxygen,Somewhat Likely Upward,-2,↑↑,0.02984,mg/L,0.02984,mg/L,0.0759,Not Applicable,50,Not Applicable,Not Applicable,0,Seasonal Kendall,35.17,-99.51,169
North Fork of the Red River,"North Fork of The Red River, SH 34, Carter",Beckham,OK,US,,,"Temperature, water",Highly Likely Upward,-3,↑↑↑,0.1356,deg C,0.1356,deg C,0.165,Not Applicable,50,Not Applicable,Not Applicable,0,Seasonal Kendall,35.17,-99.51,169
Poteau River,"Poteau River, off SH 112, Pocola",Le Flore,OK,US,7249413,220100010010-001AT,Total Nitrogen,No Likely Trend,0,No Significant Trend,0.0705,mg/L,70.5,ug/L,0.0705,No Likely Trend,0,No Significant Trend,0.0394 10^6 kg/year,0.0192,EGRET,35.24,-94.52,
Poteau River,"Poteau River, off SH 112, Pocola",Le Flore,OK,US,7249413,220100010010-001AT,Total Phosphorus,Highly Likely Downward,3,↓↓↓,-0.0739,mg/L,-73.9,ug/L,-0.4133,Highly Likely Downward,3,↓↓↓,-0.133 10^6 kg/year,-0.3584,EGRET,35.24,-94.52,
Poteau River,"Poteau River, off SH 112, Pocola",Le Flore,OK,US,7249413,220100010010-001AT,Specific Conductance,Somewhat Likely Upward,-2,↑↑,51.6,uS/cm,51.6,uS/cm,0.4156,Not Applicable,50,Not Applicable,Not Applicable,0,EGRET,35.24,-94.52,
Poteau River,"Poteau River, off SH 112, Pocola",Le Flore,OK,US,7249413,220100010010-001AT,Total hardness,Likely Upward,-1,↑,6,mg/L,6,mg/L,0.1414,Not Applicable,50,Not Applicable,Not Applicable,0,EGRET,35.24,-94.52,
Poteau River,"Poteau River, off SH 112, Pocola",Le Flore,OK,US,7249413,220100010010-001AT,Chlorophyll a,No Likely Trend,0,No Significant Trend,0.47,ug/L,0.47,ug/L,0.0292,Not Applicable,50,Not Applicable,Not Applicable,0,EGRET,35.24,-94.52,
Poteau River,"Poteau River, off SH 112, Pocola",Le Flore,OK,US,,,Turbidity,Highly Likely Downward,3,↓↓↓,-1.101,NTU,-1.101,NTU,-0.8234,Not Applicable,50,Not Applicable,Not Applicable,0,Seasonal Kendall,35.24,-94.52,178
Poteau River,"Poteau River, off SH 112, Pocola",Le Flore,OK,US,,,Dissolved oxygen,Highly Likely Upward,-3,↑↑↑,0.07603,mg/L,0.07603,mg/L,0.2121,Not Applicable,50,Not Applicable,Not Applicable,0,Seasonal Kendall,35.24,-94.52,182
Poteau River,"Poteau River, off SH 112, Pocola",Le Flore,OK,US,,,"Temperature, water",Likely Upward,-1,↑,0.0519,deg C,0.0519,deg C,0.0667,Not Applicable,50,Not Applicable,Not Applicable,0,Seasonal Kendall,35.24,-94.52,179
Poteau River,"Poteau River, US 59, Heavener",Le Flore,OK,US,,,Turbidity,Highly Likely Downward,3,↓↓↓,-0.6328,NTU,-0.6328,NTU,-0.5537,Not Applicable,50,Not Applicable,Not Applicable,0,Seasonal Kendall,34.86,-94.63,116
Poteau River,"Poteau River, US 59, Heavener",Le Flore,OK,US,,,Dissolved oxygen,Highly Likely Upward,-3,↑↑↑,0.08022,mg/L,0.08022,mg/L,0.1348,Not Applicable,50,Not Applicable,Not Applicable,0,Seasonal Kendall,34.86,-94.63,118
Poteau River,"Poteau River, US 59, Heavener",Le Flore,OK,US,,,"Temperature, water",No Likely Trend,0,No Significant Trend,No Significant Trend,deg C,No Significant Trend,deg C,0,Not Applicable,50,Not Applicable,Not Applicable,0,Seasonal Kendall,34.86,-94.63,118
Poteau River,"Poteau River, US 59, Heavener",Le Flore,OK,US,,,Total Phosphorus,Highly Likely Downward,3,↓↓↓,-0.002437,mg/L,-2.437,ug/L,-0.8433,Not Applicable,50,Not Applicable,Not Applicable,0,Seasonal Kendall,34.86,-94.63,114
Poteau River,"Poteau River, US 59, Heavener",Le Flore,OK,US,,,Specific Conductance,Highly Likely Upward,-3,↑↑↑,2.841,uS/cm,2.841,uS/cm,0.32,Not Applicable,50,Not Applicable,Not Applicable,0,Seasonal Kendall,34.86,-94.63,118
Poteau River,"Poteau River, US 59, Heavener",Le Flore,OK,US,,,Total hardness,No Likely Trend,0,No Significant Trend,No Significant Trend,mg/L,No Significant Trend,mg/L,0,Not Applicable,50,Not Applicable,Not Applicable,0,Seasonal Kendall,34.86,-94.63,118
Poteau River,"Poteau River, US 59, Heavener",Le Flore,OK,US,,,Total Nitrogen,No Likely Trend,0,No Significant Trend,No Significant Trend,mg/L,No Significant Trend,ug/L,0,Not Applicable,50,Not Applicable,Not Applicable,0,Seasonal Kendall,34.86,-94.63,112
Red River,Red River Near Burkburnett,Cotton,OK,US,,,Turbidity,Likely Upward,-1,↑,5.529,NTU,5.529,NTU,0.2206,Not Applicable,50,Not Applicable,Not Applicable,0,Seasonal Kendall,34.11,-98.53,37
Red River,Red River Near Burkburnett,Cotton,OK,US,,,Dissolved oxygen,Likely Downward,1,↓,-0.2728,mg/L,-0.2728,mg/L,-0.2218,Not Applicable,50,Not Applicable,Not Applicable,0,Mann-Kendall,34.11,-98.53,37
Red River,Red River Near Burkburnett,Cotton,OK,US,,,"Temperature, water",No Likely Trend,0,No Significant Trend,No Significant Trend,deg C,No Significant Trend,deg C,0,Not Applicable,50,Not Applicable,Not Applicable,0,Seasonal Kendall,34.11,-98.53,37
Red River,Red River Near Burkburnett,Cotton,OK,US,,,Chlorophyll a,Highly Likely Upward,-3,↑↑↑,4.147,ug/L,4.147,ug/L,0.5259,Not Applicable,50,Not Applicable,Not Applicable,0,Mann-Kendall,34.11,-98.53,40
Red River,Red River Near Burkburnett,Cotton,OK,US,,,Total Phosphorus,No Likely Trend,0,No Significant Trend,No Significant Trend,mg/L,No Significant Trend,ug/L,0,Not Applicable,50,Not Applicable,Not Applicable,0,Seasonal Kendall,34.11,-98.53,40
Red River,Red River Near Burkburnett,Cotton,OK,US,,,Specific Conductance,Highly Likely Downward,3,↓↓↓,-1103,uS/cm,-1103,uS/cm,-1.2969,Not Applicable,50,Not Applicable,Not Applicable,0,Seasonal Kendall,34.11,-98.53,37
Red River,Red River Near Burkburnett,Cotton,OK,US,,,Total hardness,Somewhat Likely Downward,2,↓↓,-90.94,mg/L,-90.94,mg/L,-0.506,Not Applicable,50,Not Applicable,Not Applicable,0,Mann-Kendall,34.11,-98.53,37
Red River,Red River Near Burkburnett,Cotton,OK,US,,,Total Nitrogen,Likely Upward,-1,↑,0.1479,mg/L,147.9,ug/L,0.3974,Not Applicable,50,Not Applicable,Not Applicable,0,Mann-Kendall,34.11,-98.53,40
Red River,"Red River, US 183, Davidson",Tillman,OK,US,,,Turbidity,No Likely Trend,0,No Significant Trend,No Significant Trend,NTU,No Significant Trend,NTU,0,Not Applicable,50,Not Applicable,Not Applicable,0,Seasonal Kendall,34.21,-99.08,210
Red River,"Red River, US 183, Davidson",Tillman,OK,US,,,Dissolved oxygen,Highly Likely Upward,-3,↑↑↑,0.05156,mg/L,0.05156,mg/L,0.1242,Not Applicable,50,Not Applicable,Not Applicable,0,Seasonal Kendall,34.21,-99.08,208
Red River,"Red River, US 183, Davidson",Tillman,OK,US,,,"Temperature, water",Highly Likely Upward,-3,↑↑↑,0.1316,deg C,0.1316,deg C,0.1533,Not Applicable,50,Not Applicable,Not Applicable,0,Seasonal Kendall,34.21,-99.08,208
Red River,"Red River, US 183, Davidson",Tillman,OK,US,,,Chlorophyll a,No Likely Trend,0,No Significant Trend,No Significant Trend,ug/L,No Significant Trend,ug/L,0,Not Applicable,50,Not Applicable,Not Applicable,0,Seasonal Kendall,34.21,-99.08,109
Red River,"Red River, US 183, Davidson",Tillman,OK,US,,,Total Phosphorus,No Likely Trend,0,No Significant Trend,No Significant Trend,mg/L,No Significant Trend,ug/L,0,Not Applicable,50,Not Applicable,Not Applicable,0,Seasonal Kendall,34.21,-99.08,179
Red River,"Red River, US 183, Davidson",Tillman,OK,US,,,Specific Conductance,Highly Likely Upward,-3,↑↑↑,89.29,uS/cm,89.29,uS/cm,0.24,Not Applicable,50,Not Applicable,Not Applicable,0,Seasonal Kendall,34.21,-99.08,209
Red River,"Red River, US 183, Davidson",Tillman,OK,US,,,Total hardness,Highly Likely Upward,-3,↑↑↑,11.52,mg/L,11.52,mg/L,0.1908,Not Applicable,50,Not Applicable,Not Applicable,0,Seasonal Kendall,34.21,-99.08,210
Red River,"Red River, US 183, Davidson",Tillman,OK,US,,,Total Nitrogen,Highly Likely Upward,-3,↑↑↑,0.03071,mg/L,30.71,ug/L,0.3374,Not Applicable,50,Not Applicable,Not Applicable,0,Seasonal Kendall,34.21,-99.08,182
Red River,"Red River, US 259, Harris",Mccurtain,OK,US,7336820,410100010010-001AT,Total Nitrogen,No Likely Trend,0,No Significant Trend,-0.00938,mg/L,-9.38,ug/L,-0.0093,Likely Downward,1,↓,-0.816 10^6 kg/year,-0.0665,EGRET,33.69,-94.69,
Red River,"Red River, US 259, Harris",Mccurtain,OK,US,7336820,410100010010-001AT,Total Phosphorus,No Likely Trend,0,No Significant Trend,0.00478,mg/L,4.78,ug/L,0.0385,No Likely Trend,0,No Significant Trend,-0.0671 10^6 kg/year,-0.0333,EGRET,33.69,-94.69,
Red River,"Red River, US 259, Harris",Mccurtain,OK,US,7336820,410100010010-001AT,Specific Conductance,No Likely Trend,0,No Significant Trend,77.6,uS/cm,77.6,uS/cm,0.0786,Not Applicable,50,Not Applicable,Not Applicable,0,EGRET,33.69,-94.69,
Red River,"Red River, US 259, Harris",Mccurtain,OK,US,7336820,410100010010-001AT,Total hardness,No Likely Trend,0,No Significant Trend,-8.93,mg/L,-8.93,mg/L,-0.0332,Not Applicable,50,Not Applicable,Not Applicable,0,EGRET,33.69,-94.69,
Red River,"Red River, US 259, Harris",Mccurtain,OK,US,7336820,410100010010-001AT,Chlorophyll a,No Likely Trend,0,No Significant Trend,-3.17,ug/L,-3.17,ug/L,-0.1276,Not Applicable,50,Not Applicable,Not Applicable,0,EGRET,33.69,-94.69,
Red River,"Red River, US 259, Harris",Mccurtain,OK,US,,,Turbidity,No Likely Trend,0,No Significant Trend,No Significant Trend,NTU,No Significant Trend,NTU,0,Not Applicable,50,Not Applicable,Not Applicable,0,Seasonal Kendall,33.69,-94.69,180
Red River,"Red River, US 259, Harris",Mccurtain,OK,US,,,Dissolved oxygen,Highly Likely Upward,-3,↑↑↑,0.04487,mg/L,0.04487,mg/L,0.1222,Not Applicable,50,Not Applicable,Not Applicable,0,Seasonal Kendall,33.69,-94.69,177
Red River,"Red River, US 259, Harris",Mccurtain,OK,US,,,"Temperature, water",Somewhat Likely Upward,-2,↑↑,0.06022,deg C,0.06022,deg C,0.0695,Not Applicable,50,Not Applicable,Not Applicable,0,Seasonal Kendall,33.69,-94.69,177
Red River,"Red River, US 271, Hugo",Choctaw,OK,US,7335500,410400010010-001AT,Total Nitrogen,No Likely Trend,0,No Significant Trend,-0.0573,mg/L,-57.3,ug/L,-0.0543,Likely Downward,1,↓,-3.86 10^6 kg/year,-29.77,EGRET,33.88,-95.5,
Red River,"Red River, US 271, Hugo",Choctaw,OK,US,7335500,410400010010-001AT,Total Phosphorus,Likely Downward,1,↓,-0.511,mg/L,-511,ug/L,-0.5165,Somewhat Likely Downward,2,↓↓,-2.19 10^6 kg/year,-0.6258,EGRET,33.88,-95.5,
Red River,"Red River, US 271, Hugo",Choctaw,OK,US,7335500,410400010010-001AT,Specific Conductance,Likely Upward,-1,↑,165,uS/cm,165,uS/cm,0.1575,Not Applicable,50,Not Applicable,Not Applicable,0,EGRET,33.88,-95.5,
Red River,"Red River, US 271, Hugo",Choctaw,OK,US,7335500,410400010010-001AT,Total hardness,No Likely Trend,0,No Significant Trend,8.53,mg/L,8.53,mg/L,0.0296,Not Applicable,50,Not Applicable,Not Applicable,0,EGRET,33.88,-95.5,
Red River,"Red River, US 271, Hugo",Choctaw,OK,US,7335500,410400010010-001AT,Chlorophyll a,Likely Downward,1,↓,-3.16,ug/L,-3.16,ug/L,-0.1479,Not Applicable,50,Not Applicable,Not Applicable,0,EGRET,33.88,-95.5,
Red River,"Red River, US 271, Hugo",Choctaw,OK,US,,,Turbidity,Somewhat Likely Downward,2,↓↓,-0.5346,NTU,-0.5346,NTU,-0.4313,Not Applicable,50,Not Applicable,Not Applicable,0,Seasonal Kendall,33.88,-95.5,164
Red River,"Red River, US 271, Hugo",Choctaw,OK,US,,,Dissolved oxygen,Highly Likely Upward,-3,↑↑↑,0.0911,mg/L,0.0911,mg/L,0.1946,Not Applicable,50,Not Applicable,Not Applicable,0,Seasonal Kendall,33.88,-95.5,162
Red River,"Red River, US 271, Hugo",Choctaw,OK,US,,,"Temperature, water",Highly Likely Upward,-3,↑↑↑,0.114,deg C,0.114,deg C,0.1249,Not Applicable,50,Not Applicable,Not Applicable,0,Seasonal Kendall,33.88,-95.5,163
Red River,"Red River, US 81, Terral",Jefferson,OK,US,7315500,311100010190-001AT,Total Nitrogen,Highly Likely Upward,-3,↑↑↑,1.09,mg/L,1090,ug/L,0.6872,Highly Likely Upward,-3,↑↑↑,2.35 10^6 kg/year,0.7784,EGRET,33.88,-97.93,
Red River,"Red River, US 81, Terral",Jefferson,OK,US,7315500,311100010190-001AT,Total Phosphorus,No Likely Trend,0,No Significant Trend,0.0085,mg/L,8.5,ug/L,0.0241,Likely Upward,-1,↑,0.476 10^6 kg/year,0.46,EGRET,33.88,-97.93,
Red River,"Red River, US 81, Terral",Jefferson,OK,US,7315500,311100010190-001AT,Specific Conductance,No Likely Trend,0,No Significant Trend,100,uS/cm,100,uS/cm,0.0198,Not Applicable,50,Not Applicable,Not Applicable,0,EGRET,33.88,-97.93,
Red River,"Red River, US 81, Terral",Jefferson,OK,US,7315500,311100010190-001AT,Total hardness,Likely Upward,-1,↑,94.7,mg/L,94.7,mg/L,0.1191,Not Applicable,50,Not Applicable,Not Applicable,0,EGRET,33.88,-97.93,
Red River,"Red River, US 81, Terral",Jefferson,OK,US,7315500,311100010190-001AT,Chlorophyll a,No Likely Trend,0,No Significant Trend,-9.12,ug/L,-9.12,ug/L,-0.121,Not Applicable,50,Not Applicable,Not Applicable,0,EGRET,33.88,-97.93,
Red River,"Red River, US 81, Terral",Jefferson,OK,US,,,Dissolved oxygen,No Likely Trend,0,No Significant Trend,No Significant Trend,mg/L,No Significant Trend,mg/L,0,Not Applicable,50,Not Applicable,Not Applicable,0,Seasonal Kendall,33.88,-97.93,174
Red River,"Red River, US 81, Terral",Jefferson,OK,US,,,"Temperature, water",Highly Likely Upward,-3,↑↑↑,0.1115,deg C,0.1115,deg C,0.1269,Not Applicable,50,Not Applicable,Not Applicable,0,Seasonal Kendall,33.88,-97.93,174
Red River,"Red River, US 81, Terral",Jefferson,OK,US,,,Turbidity,Somewhat Likely Downward,2,↓↓,-1.522,NTU,-1.522,NTU,-0.5211,Not Applicable,50,Not Applicable,Not Applicable,0,Seasonal Kendall,33.88,-97.93,174
Sager Creek,"Sager Creek, off US 412, West Siloam Springs",Delaware,OK,US,,,Dissolved oxygen,No Likely Trend,0,No Significant Trend,No Significant Trend,mg/L,No Significant Trend,mg/L,0,Not Applicable,50,Not Applicable,Not Applicable,0,Seasonal Kendall,36.2,-94.61,107
Sager Creek,"Sager Creek, off US 412, West Siloam Springs",Delaware,OK,US,,,"Temperature, water",No Likely Trend,0,No Significant Trend,No Significant Trend,deg C,No Significant Trend,deg C,0,Not Applicable,50,Not Applicable,Not Applicable,0,Seasonal Kendall,36.2,-94.61,107
Sager Creek,"Sager Creek, off US 412, West Siloam Springs",Delaware,OK,US,,,Turbidity,No Likely Trend,0,No Significant Trend,No Significant Trend,NTU,No Significant Trend,NTU,0,Not Applicable,50,Not Applicable,Not Applicable,0,Seasonal Kendall,36.2,-94.61,103
Salt Fork of the Arkansas River,"Salt Fork of The Arkansas River, SH 8, near Ingersol",Alfalfa,OK,US,,,Turbidity,Highly Likely Downward,3,↓↓↓,-1.048,NTU,-1.048,NTU,-1.4295,Not Applicable,50,Not Applicable,Not Applicable,0,Seasonal Kendall,36.82,-98.36,159
Salt Fork of the Arkansas River,"Salt Fork of The Arkansas River, SH 8, near Ingersol",Alfalfa,OK,US,,,Dissolved oxygen,Likely Upward,-1,↑,0.02942,mg/L,0.02942,mg/L,0.0684,Not Applicable,50,Not Applicable,Not Applicable,0,Seasonal Kendall,36.82,-98.36,157
Salt Fork of the Arkansas River,"Salt Fork of The Arkansas River, SH 8, near Ingersol",Alfalfa,OK,US,,,"Temperature, water",Likely Downward,1,↓,-0.1023,deg C,-0.1023,deg C,-0.1298,Not Applicable,50,Not Applicable,Not Applicable,0,Seasonal Kendall,36.82,-98.36,158
Salt Fork of the Arkansas River,"Salt Fork of The Arkansas River, SH 8, near Ingersol",Alfalfa,OK,US,,,Chlorophyll a,No Likely Trend,0,No Significant Trend,No Significant Trend,ug/L,No Significant Trend,ug/L,0,Not Applicable,50,Not Applicable,Not Applicable,0,Seasonal Kendall,36.82,-98.36,64
Salt Fork of the Arkansas River,"Salt Fork of The Arkansas River, SH 8, near Ingersol",Alfalfa,OK,US,,,Total Phosphorus,No Likely Trend,0,No Significant Trend,No Significant Trend,mg/L,No Significant Trend,ug/L,0,Not Applicable,50,Not Applicable,Not Applicable,0,Seasonal Kendall,36.82,-98.36,159
Salt Fork of the Arkansas River,"Salt Fork of The Arkansas River, SH 8, near Ingersol",Alfalfa,OK,US,,,Specific Conductance,Highly Likely Upward,-3,↑↑↑,18.21,uS/cm,18.21,uS/cm,0.1771,Not Applicable,50,Not Applicable,Not Applicable,0,Seasonal Kendall,36.82,-98.36,158
Salt Fork of the Arkansas River,"Salt Fork of The Arkansas River, SH 8, near Ingersol",Alfalfa,OK,US,,,Total hardness,Highly Likely Upward,-3,↑↑↑,4.685,mg/L,4.685,mg/L,0.1101,Not Applicable,50,Not Applicable,Not Applicable,0,Seasonal Kendall,36.82,-98.36,157
Salt Fork of the Arkansas River,"Salt Fork of The Arkansas River, SH 8, near Ingersol",Alfalfa,OK,US,,,Total Nitrogen,Somewhat Likely Upward,-2,↑↑,0.007813,mg/L,7.813,ug/L,0.1754,Not Applicable,50,Not Applicable,Not Applicable,0,Seasonal Kendall,36.82,-98.36,158
Salt Fork of the Arkansas River,"Salt Fork of The Arkansas River, US 77, Tonkawa",Kay,OK,US,7151000,621000010010-001AT,Total Nitrogen,Somewhat Likely Upward,-2,↑↑,0.507,mg/L,507,ug/L,0.4054,No Likely Trend,0,No Significant Trend,-0.0389 10^6 kg/year,-0.0258,EGRET,36.67,-97.31,
Salt Fork of the Arkansas River,"Salt Fork of The Arkansas River, US 77, Tonkawa",Kay,OK,US,7151000,621000010010-001AT,Total Phosphorus,No Likely Trend,0,No Significant Trend,0.0107,mg/L,10.7,ug/L,0.0429,Likely Downward,1,↓,-0.0651 10^6 kg/year,-0.1701,EGRET,36.67,-97.31,
Salt Fork of the Arkansas River,"Salt Fork of The Arkansas River, US 77, Tonkawa",Kay,OK,US,7151000,621000010010-001AT,Specific Conductance,Somewhat Likely Upward,-2,↑↑,1275,uS/cm,1275,uS/cm,0.3172,Not Applicable,50,Not Applicable,Not Applicable,0,EGRET,36.67,-97.31,
Salt Fork of the Arkansas River,"Salt Fork of The Arkansas River, US 77, Tonkawa",Kay,OK,US,7151000,621000010010-001AT,Total hardness,Likely Upward,-1,↑,60.3,mg/L,60.3,mg/L,0.1316,Not Applicable,50,Not Applicable,Not Applicable,0,EGRET,36.67,-97.31,
Salt Fork of the Arkansas River,"Salt Fork of The Arkansas River, US 77, Tonkawa",Kay,OK,US,7151000,621000010010-001AT,Chlorophyll a,Somewhat Likely Upward,-2,↑↑,26.7,ug/L,26.7,ug/L,0.6178,Not Applicable,50,Not Applicable,Not Applicable,0,EGRET,36.67,-97.31,
Salt Fork of the Arkansas River,"Salt Fork of The Arkansas River, US 77, Tonkawa",Kay,OK,US,,,Dissolved oxygen,Highly Likely Upward,-3,↑↑↑,0.1019,mg/L,0.1019,mg/L,0.197,Not Applicable,50,Not Applicable,Not Applicable,0,Seasonal Kendall,36.67,-97.31,159
Salt Fork of the Arkansas River,"Salt Fork of The Arkansas River, US 77, Tonkawa",Kay,OK,US,,,"Temperature, water",No Likely Trend,0,No Significant Trend,No Significant Trend,deg C,No Significant Trend,deg C,0,Not Applicable,50,Not Applicable,Not Applicable,0,Seasonal Kendall,36.67,-97.31,158
Salt Fork of the Arkansas River,"Salt Fork of The Arkansas River, US 77, Tonkawa",Kay,OK,US,,,Turbidity,Somewhat Likely Downward,2,↓↓,-0.9923,NTU,-0.9923,NTU,-1.3122,Not Applicable,50,Not Applicable,Not Applicable,0,Seasonal Kendall,36.67,-97.31,157
Salt Fork of the Red River,"Salt Fork of The Red River, off US 283, Elmer",Jackson,OK,US,7301110,311600020010-002AT,Total Nitrogen,Highly Likely Upward,-3,↑↑↑,1.5,mg/L,1500,ug/L,0.8176,Highly Likely Upward,-3,↑↑↑,0.218 10^6 kg/year,1.3852,EGRET,34.48,-99.38,
Salt Fork of the Red River,"Salt Fork of The Red River, off US 283, Elmer",Jackson,OK,US,7301110,311600020010-002AT,Total Phosphorus,No Likely Trend,0,No Significant Trend,0.0011,mg/L,1.1,ug/L,0.0066,No Likely Trend,0,No Significant Trend,0.06657 10^6 kg/year,1.5548,EGRET,34.48,-99.38,
Salt Fork of the Red River,"Salt Fork of The Red River, off US 283, Elmer",Jackson,OK,US,7301110,311600020010-002AT,Specific Conductance,Highly Likely Upward,-3,↑↑↑,647,uS/cm,647,uS/cm,0.1745,Not Applicable,50,Not Applicable,Not Applicable,0,EGRET,34.48,-99.38,
Salt Fork of the Red River,"Salt Fork of The Red River, off US 283, Elmer",Jackson,OK,US,7301110,311600020010-002AT,Total hardness,Highly Likely Upward,-3,↑↑↑,548,mg/L,548,mg/L,0.4265,Not Applicable,50,Not Applicable,Not Applicable,0,EGRET,34.48,-99.38,
Salt Fork of the Red River,"Salt Fork of The Red River, off US 283, Elmer",Jackson,OK,US,7301110,311600020010-002AT,Chlorophyll a,Likely Upward,-1,↑,6.28,ug/L,6.28,ug/L,0.2319,Not Applicable,50,Not Applicable,Not Applicable,0,EGRET,34.48,-99.38,
Salt Fork of the Red River,"Salt Fork of The Red River, off US 283, Elmer",Jackson,OK,US,,,Turbidity,No Likely Trend,0,No Significant Trend,No Significant Trend,NTU,No Significant Trend,NTU,0,Not Applicable,50,Not Applicable,Not Applicable,0,Seasonal Kendall,34.48,-99.38,214
Salt Fork of the Red River,"Salt Fork of The Red River, off US 283, Elmer",Jackson,OK,US,,,Dissolved oxygen,No Likely Trend,0,No Significant Trend,No Significant Trend,mg/L,No Significant Trend,mg/L,0,Not Applicable,50,Not Applicable,Not Applicable,0,Seasonal Kendall,34.48,-99.38,212
Salt Fork of the Red River,"Salt Fork of The Red River, off US 283, Elmer",Jackson,OK,US,,,"Temperature, water",No Likely Trend,0,No Significant Trend,No Significant Trend,deg C,No Significant Trend,deg C,0,Not Applicable,50,Not Applicable,Not Applicable,0,Seasonal Kendall,34.48,-99.38,212
Salt Fork of the Red River,"Salt Fork of The Red River, SH 34, Mangum",Greer,OK,US,,,Turbidity,Somewhat Likely Downward,2,↓↓,-1.119,NTU,-1.119,NTU,-1.0569,Not Applicable,50,Not Applicable,Not Applicable,0,Seasonal Kendall,34.86,-99.51,53
Salt Fork of the Red River,"Salt Fork of The Red River, SH 34, Mangum",Greer,OK,US,,,Dissolved oxygen,No Likely Trend,0,No Significant Trend,No Significant Trend,mg/L,No Significant Trend,mg/L,0,Not Applicable,50,Not Applicable,Not Applicable,0,Seasonal Kendall,34.86,-99.51,52
Salt Fork of the Red River,"Salt Fork of The Red River, SH 34, Mangum",Greer,OK,US,,,"Temperature, water",No Likely Trend,0,No Significant Trend,No Significant Trend,deg C,No Significant Trend,deg C,0,Not Applicable,50,Not Applicable,Not Applicable,0,Seasonal Kendall,34.86,-99.51,52
Salt Fork of the Red River,"Salt Fork of The Red River, SH 34, Mangum",Greer,OK,US,,,Total Phosphorus,Somewhat Likely Downward,2,↓↓,-0.001121,mg/L,-1.121,ug/L,-0.6288,Not Applicable,50,Not Applicable,Not Applicable,0,Seasonal Kendall,34.86,-99.51,53
Salt Fork of the Red River,"Salt Fork of The Red River, SH 34, Mangum",Greer,OK,US,,,Specific Conductance,No Likely Trend,0,No Significant Trend,No Significant Trend,uS/cm,No Significant Trend,uS/cm,0,Not Applicable,50,Not Applicable,Not Applicable,0,Seasonal Kendall,34.86,-99.51,50
Salt Fork of the Red River,"Salt Fork of The Red River, SH 34, Mangum",Greer,OK,US,,,Total hardness,No Likely Trend,0,No Significant Trend,No Significant Trend,mg/L,No Significant Trend,mg/L,0,Not Applicable,50,Not Applicable,Not Applicable,0,Seasonal Kendall,34.86,-99.51,53
Salt Fork of the Red River,"Salt Fork of The Red River, SH 34, Mangum",Greer,OK,US,,,Total Nitrogen,No Likely Trend,0,No Significant Trend,No Significant Trend,mg/L,No Significant Trend,ug/L,0,Not Applicable,50,Not Applicable,Not Applicable,0,Seasonal Kendall,34.86,-99.51,53
Sandy Creek,"Sandy Creek, SH 6, Eldorado",Jackson,OK,US,,,Turbidity,Somewhat Likely Downward,2,↓↓,-0.4535,NTU,-0.4535,NTU,-0.516,Not Applicable,50,Not Applicable,Not Applicable,0,Seasonal Kendall,34.46,-99.66,163
Sandy Creek,"Sandy Creek, SH 6, Eldorado",Jackson,OK,US,,,Dissolved oxygen,Likely Downward,1,↓,-0.08377,mg/L,-0.08377,mg/L,-0.1856,Not Applicable,50,Not Applicable,Not Applicable,0,Seasonal Kendall,34.46,-99.66,159
Sandy Creek,"Sandy Creek, SH 6, Eldorado",Jackson,OK,US,,,"Temperature, water",No Likely Trend,0,No Significant Trend,No Significant Trend,deg C,No Significant Trend,deg C,0,Not Applicable,50,Not Applicable,Not Applicable,0,Seasonal Kendall,34.46,-99.66,159
Sandy Creek,"Sandy Creek, SH 6, Eldorado",Jackson,OK,US,,,Chlorophyll a,No Likely Trend,0,No Significant Trend,No Significant Trend,ug/L,No Significant Trend,ug/L,0,Not Applicable,50,Not Applicable,Not Applicable,0,Seasonal Kendall,34.46,-99.66,47
Sandy Creek,"Sandy Creek, SH 6, Eldorado",Jackson,OK,US,,,Total Phosphorus,Highly Likely Downward,3,↓↓↓,-0.002103,mg/L,-2.103,ug/L,-0.8993,Not Applicable,50,Not Applicable,Not Applicable,0,Seasonal Kendall,34.46,-99.66,165
Sandy Creek,"Sandy Creek, SH 6, Eldorado",Jackson,OK,US,,,Specific Conductance,Highly Likely Upward,-3,↑↑↑,41.66,uS/cm,41.66,uS/cm,0.0965,Not Applicable,50,Not Applicable,Not Applicable,0,Seasonal Kendall,34.46,-99.66,159
Sandy Creek,"Sandy Creek, SH 6, Eldorado",Jackson,OK,US,,,Total hardness,Highly Likely Upward,-3,↑↑↑,30.56,mg/L,30.56,mg/L,0.2403,Not Applicable,50,Not Applicable,Not Applicable,0,Seasonal Kendall,34.46,-99.66,162
Sandy Creek,"Sandy Creek, SH 6, Eldorado",Jackson,OK,US,,,Total Nitrogen,Highly Likely Upward,-3,↑↑↑,0.02979,mg/L,29.79,ug/L,0.1648,Not Applicable,50,Not Applicable,Not Applicable,0,Seasonal Kendall,34.46,-99.66,165
Skeleton Creek,"Skeleton Creek, SH 74, near Lovell",Logan,OK,US,7160500,620910030010-001AT,Total Nitrogen,Somewhat Likely Downward,2,↓↓,-1.03,mg/L,-1030,ug/L,-0.1827,Highly Likely Upward,-3,↑↑↑,0.164 10^6 kg/year,0.3666,EGRET,36.06,-97.59,
Skeleton Creek,"Skeleton Creek, SH 74, near Lovell",Logan,OK,US,7160500,620910030010-001AT,Total Phosphorus,Highly Likely Downward,3,↓↓↓,-0.179,mg/L,-179,ug/L,0.3233,Likely Upward,-1,↑,0.0231 10^6 kg/year,0.2272,EGRET,36.06,-97.59,
Skeleton Creek,"Skeleton Creek, SH 74, near Lovell",Logan,OK,US,7160500,620910030010-001AT,Specific Conductance,No Likely Trend,0,No Significant Trend,67,uS/cm,67,uS/cm,0.0398,Not Applicable,50,Not Applicable,Not Applicable,0,EGRET,36.06,-97.59,
Skeleton Creek,"Skeleton Creek, SH 74, near Lovell",Logan,OK,US,7160500,620910030010-001AT,Total hardness,Highly Likely Upward,-3,↑↑↑,98.1,mg/L,98.1,mg/L,0.2783,Not Applicable,50,Not Applicable,Not Applicable,0,EGRET,36.06,-97.59,
Skeleton Creek,"Skeleton Creek, SH 74, near Lovell",Logan,OK,US,7160500,620910030010-001AT,Chlorophyll a,Likely Upward,-1,↑,22.6,ug/L,22.6,ug/L,0.4424,Not Applicable,50,Not Applicable,Not Applicable,0,EGRET,36.06,-97.59,
Skeleton Creek,"Skeleton Creek, SH 74, near Lovell",Logan,OK,US,,,Turbidity,Highly Likely Downward,3,↓↓↓,-1.63,NTU,-1.63,NTU,-0.6764,Not Applicable,50,Not Applicable,Not Applicable,0,Seasonal Kendall,36.06,-97.59,178
Skeleton Creek,"Skeleton Creek, SH 74, near Lovell",Logan,OK,US,,,Dissolved oxygen,Likely Upward,-1,↑,0.03372,mg/L,0.03372,mg/L,0.0808,Not Applicable,50,Not Applicable,Not Applicable,0,Seasonal Kendall,36.06,-97.59,176
Skeleton Creek,"Skeleton Creek, SH 74, near Lovell",Logan,OK,US,,,"Temperature, water",No Likely Trend,0,No Significant Trend,No Significant Trend,deg C,No Significant Trend,deg C,0,Not Applicable,50,Not Applicable,Not Applicable,0,Seasonal Kendall,36.06,-97.59,177
Spring Creek,"Spring Creek, off US 412, Murphy",Mayes,OK,US,,,Turbidity,No Likely Trend,0,No Significant Trend,No Significant Trend,NTU,No Significant Trend,NTU,0,Not Applicable,50,Not Applicable,Not Applicable,0,Seasonal Kendall,36.13,-95.19,164
Spring Creek,"Spring Creek, off US 412, Murphy",Mayes,OK,US,,,Dissolved oxygen,Highly Likely Upward,-3,↑↑↑,0.05861,mg/L,0.05861,mg/L,0.1494,Not Applicable,50,Not Applicable,Not Applicable,0,Seasonal Kendall,36.13,-95.19,168
Spring Creek,"Spring Creek, off US 412, Murphy",Mayes,OK,US,,,"Temperature, water",Highly Likely Upward,-3,↑↑↑,0.06203,deg C,0.06203,deg C,0.0863,Not Applicable,50,Not Applicable,Not Applicable,0,Seasonal Kendall,36.13,-95.19,168
Spring Creek,"Spring Creek, off US 412, Murphy",Mayes,OK,US,,,Chlorophyll a,Highly Likely Upward,-3,↑↑↑,0.01914,ug/L,0.01914,ug/L,0.4325,Not Applicable,50,Not Applicable,Not Applicable,0,Seasonal Kendall,36.13,-95.19,109
Spring Creek,"Spring Creek, off US 412, Murphy",Mayes,OK,US,,,Total Phosphorus,Highly Likely Downward,3,↓↓↓,-0.0001836,mg/L,-0.1836,ug/L,-0.4281,Not Applicable,50,Not Applicable,Not Applicable,0,Seasonal Kendall,36.13,-95.19,172
Spring Creek,"Spring Creek, off US 412, Murphy",Mayes,OK,US,,,Specific Conductance,Highly Likely Upward,-3,↑↑↑,1.726,uS/cm,1.726,uS/cm,0.2202,Not Applicable,50,Not Applicable,Not Applicable,0,Seasonal Kendall,36.13,-95.19,166
Spring Creek,"Spring Creek, off US 412, Murphy",Mayes,OK,US,,,Total hardness,Highly Likely Upward,-3,↑↑↑,0.4477,mg/L,0.4477,mg/L,0.1286,Not Applicable,50,Not Applicable,Not Applicable,0,Seasonal Kendall,36.13,-95.19,167
Spring Creek,"Spring Creek, off US 412, Murphy",Mayes,OK,US,,,Total Nitrogen,Highly Likely Upward,-3,↑↑↑,0.009522,mg/L,9.522,ug/L,0.3324,Not Applicable,50,Not Applicable,Not Applicable,0,Seasonal Kendall,36.13,-95.19,174
Spring River,"Spring River, off SH 137, Quapaw",Ottawa,OK,US,7188000,121600070010-001AT,Total Nitrogen,Highly Likely Upward,-3,↑↑↑,0.887,mg/L,887,ug/L,0.4475,Highly Likely Upward,-3,↑↑↑,3.78 10^6 kg/year,0.7581,EGRET,36.93,-94.75,
Spring River,"Spring River, off SH 137, Quapaw",Ottawa,OK,US,7188000,121600070010-001AT,Total Phosphorus,Likely Downward,1,↓,-0.0315,mg/L,-31.5,ug/L,-0.1341,Highly Likely Upward,-3,↑↑↑,0.275 10^6 kg/year,0.449,EGRET,36.93,-94.75,
Spring River,"Spring River, off SH 137, Quapaw",Ottawa,OK,US,7188000,121600070010-001AT,Specific Conductance,Highly Likely Upward,-3,↑↑↑,27.5,uS/cm,27.5,uS/cm,0.275,Not Applicable,50,Not Applicable,Not Applicable,0,EGRET,36.93,-94.75,
Spring River,"Spring River, off SH 137, Quapaw",Ottawa,OK,US,7188000,121600070010-001AT,Total hardness,Highly Likely Upward,-3,↑↑↑,22.2,mg/L,22.2,mg/L,0.1469,Not Applicable,50,Not Applicable,Not Applicable,0,EGRET,36.93,-94.75,
Spring River,"Spring River, off SH 137, Quapaw",Ottawa,OK,US,7188000,121600070010-001AT,Chlorophyll a,Likely Upward,-1,↑,2.64,ug/L,2.64,ug/L,0.302,Not Applicable,50,Not Applicable,Not Applicable,0,EGRET,36.93,-94.75,
Spring River,"Spring River, off SH 137, Quapaw",Ottawa,OK,US,,,Turbidity,Highly Likely Downward,3,↓↓↓,-0.5328,NTU,-0.5328,NTU,-1.2438,Not Applicable,50,Not Applicable,Not Applicable,0,Seasonal Kendall,36.93,-94.75,152
Spring River,"Spring River, off SH 137, Quapaw",Ottawa,OK,US,,,Dissolved oxygen,Highly Likely Upward,-3,↑↑↑,0.04844,mg/L,0.04844,mg/L,0.106,Not Applicable,50,Not Applicable,Not Applicable,0,Seasonal Kendall,36.93,-94.75,155
Spring River,"Spring River, off SH 137, Quapaw",Ottawa,OK,US,,,"Temperature, water",Somewhat Likely Downward,2,↓↓,-0.1018,deg C,-0.1018,deg C,-0.1293,Not Applicable,50,Not Applicable,Not Applicable,0,Seasonal Kendall,36.93,-94.75,155
Verdigris River,"Verdigris River, SH 10, Lenapah",Nowata,OK,US,7171000,121510020010-001AT,Total Nitrogen,Somewhat Likely Upward,-2,↑↑,0.52,mg/L,520,ug/L,0.4808,Somewhat Likely Upward,-2,↑↑,2.78 10^6 kg/year,0.6476,EGRET,36.85,-95.59,
Verdigris River,"Verdigris River, SH 10, Lenapah",Nowata,OK,US,7171000,121510020010-001AT,Total Phosphorus,Likely Upward,-1,↑,0.0358,mg/L,35.8,ug/L,0.2195,Somewhat Likely Upward,-2,↑↑,0.544 10^6 kg/year,0.5979,EGRET,36.85,-95.59,
Verdigris River,"Verdigris River, SH 10, Lenapah",Nowata,OK,US,7171000,121510020010-001AT,Specific Conductance,Highly Likely Upward,-3,↑↑↑,71,uS/cm,71,uS/cm,0.1973,Not Applicable,50,Not Applicable,Not Applicable,0,EGRET,36.85,-95.59,
Verdigris River,"Verdigris River, SH 10, Lenapah",Nowata,OK,US,7171000,121510020010-001AT,Total hardness,Highly Likely Upward,-3,↑↑↑,29.2,mg/L,29.2,mg/L,0.1831,Not Applicable,50,Not Applicable,Not Applicable,0,EGRET,36.85,-95.59,
Verdigris River,"Verdigris River, SH 10, Lenapah",Nowata,OK,US,7171000,121510020010-001AT,Chlorophyll a,Likely Upward,-1,↑,6.88,ug/L,6.88,ug/L,0.5342,Not Applicable,50,Not Applicable,Not Applicable,0,EGRET,36.85,-95.59,
Verdigris River,"Verdigris River, SH 10, Lenapah",Nowata,OK,US,,,Turbidity,Somewhat Likely Downward,2,↓↓,-0.5156,NTU,-0.5156,NTU,-0.7366,Not Applicable,50,Not Applicable,Not Applicable,0,Seasonal Kendall,36.85,-95.59,180
Verdigris River,"Verdigris River, SH 10, Lenapah",Nowata,OK,US,,,Dissolved oxygen,Highly Likely Upward,-3,↑↑↑,0.08937,mg/L,0.08937,mg/L,0.2273,Not Applicable,50,Not Applicable,Not Applicable,0,Seasonal Kendall,36.85,-95.59,179
Verdigris River,"Verdigris River, SH 10, Lenapah",Nowata,OK,US,,,"Temperature, water",Likely Upward,-1,↑,0.1348,deg C,0.1348,deg C,0.1678,Not Applicable,50,Not Applicable,Not Applicable,0,Seasonal Kendall,36.85,-95.59,179
Verdigris River,"Verdigris River, SH 20, Keetonville",Rogers,OK,US,,,Turbidity,Likely Downward,1,↓,-0.8623,NTU,-0.8623,NTU,-0.6546,Not Applicable,50,Not Applicable,Not Applicable,0,Seasonal Kendall,36.31,-95.7,115
Verdigris River,"Verdigris River, SH 20, Keetonville",Rogers,OK,US,,,Dissolved oxygen,Highly Likely Upward,-3,↑↑↑,0.114,mg/L,0.114,mg/L,0.1748,Not Applicable,50,Not Applicable,Not Applicable,0,Seasonal Kendall,36.31,-95.7,113
Verdigris River,"Verdigris River, SH 20, Keetonville",Rogers,OK,US,,,"Temperature, water",No Likely Trend,0,No Significant Trend,No Significant Trend,deg C,No Significant Trend,deg C,0,Not Applicable,50,Not Applicable,Not Applicable,0,Seasonal Kendall,36.31,-95.7,113
Verdigris River,"Verdigris River, SH 20, Keetonville",Rogers,OK,US,,,Chlorophyll a,Somewhat Likely Upward,-2,↑↑,0.3839,ug/L,0.3839,ug/L,0.5039,Not Applicable,50,Not Applicable,Not Applicable,0,Seasonal Kendall,36.31,-95.7,53
Verdigris River,"Verdigris River, SH 20, Keetonville",Rogers,OK,US,,,Total Phosphorus,Highly Likely Downward,3,↓↓↓,-0.003046,mg/L,-3.046,ug/L,-0.6287,Not Applicable,50,Not Applicable,Not Applicable,0,Seasonal Kendall,36.31,-95.7,116
Verdigris River,"Verdigris River, SH 20, Keetonville",Rogers,OK,US,,,Specific Conductance,Likely Upward,-1,↑,4.515,uS/cm,4.515,uS/cm,0.1351,Not Applicable,50,Not Applicable,Not Applicable,0,Seasonal Kendall,36.31,-95.7,111
Verdigris River,"Verdigris River, SH 20, Keetonville",Rogers,OK,US,,,Total hardness,No Likely Trend,0,No Significant Trend,No Significant Trend,mg/L,No Significant Trend,mg/L,0,Not Applicable,50,Not Applicable,Not Applicable,0,Seasonal Kendall,36.31,-95.7,114
Verdigris River,"Verdigris River, SH 20, Keetonville",Rogers,OK,US,,,Total Nitrogen,No Likely Trend,0,No Significant Trend,No Significant Trend,mg/L,No Significant Trend,ug/L,0,Not Applicable,50,Not Applicable,Not Applicable,0,Seasonal Kendall,36.31,-95.7,115
Verdigris River,"Verdigris River, US 412, Inola",Rogers,OK,US,,,Turbidity,No Likely Trend,0,No Significant Trend,No Significant Trend,NTU,No Significant Trend,NTU,0,Not Applicable,50,Not Applicable,Not Applicable,0,Seasonal Kendall,36.17,-95.62,92
Verdigris River,"Verdigris River, US 412, Inola",Rogers,OK,US,,,Dissolved oxygen,No Likely Trend,0,No Significant Trend,No Significant Trend,mg/L,No Significant Trend,mg/L,0,Not Applicable,50,Not Applicable,Not Applicable,0,Seasonal Kendall,36.17,-95.62,92
Verdigris River,"Verdigris River, US 412, Inola",Rogers,OK,US,,,"Temperature, water",No Likely Trend,0,No Significant Trend,No Significant Trend,deg C,No Significant Trend,deg C,0,Not Applicable,50,Not Applicable,Not Applicable,0,Seasonal Kendall,36.17,-95.62,93
Verdigris River,"Verdigris River, US 412, Inola",Rogers,OK,US,,,Chlorophyll a,Likely Upward,-1,↑,0.2151,ug/L,0.2151,ug/L,0.421,Not Applicable,50,Not Applicable,Not Applicable,0,Mann-Kendall,36.17,-95.62,63
Verdigris River,"Verdigris River, US 412, Inola",Rogers,OK,US,,,Total Phosphorus,Highly Likely Downward,3,↓↓↓,-0.004294,mg/L,-4.294,ug/L,-0.6631,Not Applicable,50,Not Applicable,Not Applicable,0,Seasonal Kendall,36.17,-95.62,97
Verdigris River,"Verdigris River, US 412, Inola",Rogers,OK,US,,,Specific Conductance,No Likely Trend,0,No Significant Trend,No Significant Trend,uS/cm,No Significant Trend,uS/cm,0,Not Applicable,50,Not Applicable,Not Applicable,0,Seasonal Kendall,36.17,-95.62,92
Verdigris River,"Verdigris River, US 412, Inola",Rogers,OK,US,,,Total hardness,Likely Upward,-1,↑,0.8881,mg/L,0.8881,mg/L,0.1185,Not Applicable,50,Not Applicable,Not Applicable,0,Seasonal Kendall,36.17,-95.62,92
Verdigris River,"Verdigris River, US 412, Inola",Rogers,OK,US,,,Total Nitrogen,Somewhat Likely Downward,2,↓↓,-0.03821,mg/L,-38.21,ug/L,-0.7656,Not Applicable,50,Not Applicable,Not Applicable,0,Seasonal Kendall,36.17,-95.62,97
Verdigris River,"Verdigris River, US 51, Wagoner",Wagoner,OK,US,7176000,121500010200-001AT,Total Nitrogen,Likely Downward,1,↓,-0.133,mg/L,-133,ug/L,-0.0927,No Likely Trend,0,No Significant Trend, -0.306 10^6 kg/year,-0.0673,EGRET,35.96,-95.49,
Verdigris River,"Verdigris River, US 51, Wagoner",Wagoner,OK,US,7176000,121500010200-001AT,Total Phosphorus,Highly Likely Downward,3,↓↓↓,-0.0532,mg/L,-53.2,ug/L,-0.2696,Highly Likely Downward,3,↓↓↓, -0.29 10^6 kg/year,-0.3507,EGRET,35.96,-95.49,
Verdigris River,"Verdigris River, US 51, Wagoner",Wagoner,OK,US,7176000,121500010200-001AT,Specific Conductance,Likely Upward,-1,↑,48.3,uS/cm,48.3,uS/cm,0.1537,Not Applicable,50,Not Applicable,Not Applicable,0,EGRET,35.96,-95.49,
Verdigris River,"Verdigris River, US 51, Wagoner",Wagoner,OK,US,7176000,121500010200-001AT,Total hardness,Likely Upward,-1,↑,48.3,mg/L,48.3,mg/L,0.1537,Not Applicable,50,Not Applicable,Not Applicable,0,EGRET,35.96,-95.49,
Verdigris River,"Verdigris River, US 51, Wagoner",Wagoner,OK,US,7176000,121500010200-001AT,Chlorophyll a,Likely Upward,-1,↑,8.44,ug/L,8.44,ug/L,1.5399,Not Applicable,50,Not Applicable,Not Applicable,0,EGRET,35.96,-95.49,
Verdigris River,"Verdigris River, US 51, Wagoner",Wagoner,OK,US,,,Dissolved oxygen,Highly Likely Upward,-3,↑↑↑,0.0779,mg/L,0.0779,mg/L,0.1982,Not Applicable,50,Not Applicable,Not Applicable,0,Seasonal Kendall,35.96,-95.49,115
Verdigris River,"Verdigris River, US 51, Wagoner",Wagoner,OK,US,,,"Temperature, water",No Likely Trend,0,No Significant Trend,No Significant Trend,deg C,No Significant Trend,deg C,0,Not Applicable,50,Not Applicable,Not Applicable,0,Seasonal Kendall,35.96,-95.49,116
Verdigris River,"Verdigris River, US 51, Wagoner",Wagoner,OK,US,,,Turbidity,Highly Likely Downward,3,↓↓↓,-0.7606,NTU,-0.7606,NTU,-0.8265,Not Applicable,50,Not Applicable,Not Applicable,0,Seasonal Kendall,35.96,-95.49,118
Washita River,"Washita River, off SH 19, near Alex",Grady,OK,US,,,Turbidity,No Likely Trend,0,No Significant Trend,No Significant Trend,NTU,No Significant Trend,NTU,0,Not Applicable,50,Not Applicable,Not Applicable,0,Seasonal Kendall,34.93,-97.77,87
Washita River,"Washita River, off SH 19, near Alex",Grady,OK,US,,,Dissolved oxygen,Highly Likely Upward,-3,↑↑↑,0.08706,mg/L,0.08706,mg/L,0.1467,Not Applicable,50,Not Applicable,Not Applicable,0,Seasonal Kendall,34.93,-97.77,87
Washita River,"Washita River, off SH 19, near Alex",Grady,OK,US,,,"Temperature, water",No Likely Trend,0,No Significant Trend,No Significant Trend,deg C,No Significant Trend,deg C,0,Not Applicable,50,Not Applicable,Not Applicable,0,Seasonal Kendall,34.93,-97.77,87
Washita River,"Washita River, off SH 19, near Alex",Grady,OK,US,,,Chlorophyll a,Somewhat Likely Upward,-2,↑↑,1.075,ug/L,1.075,ug/L,0.3715,Not Applicable,50,Not Applicable,Not Applicable,0,Seasonal Kendall,34.93,-97.77,69
Washita River,"Washita River, off SH 19, near Alex",Grady,OK,US,,,Total Phosphorus,No Likely Trend,0,No Significant Trend,No Significant Trend,mg/L,No Significant Trend,ug/L,0,Not Applicable,50,Not Applicable,Not Applicable,0,Seasonal Kendall,34.93,-97.77,90
Washita River,"Washita River, off SH 19, near Alex",Grady,OK,US,,,Specific Conductance,No Likely Trend,0,No Significant Trend,No Significant Trend,uS/cm,No Significant Trend,uS/cm,0,Not Applicable,50,Not Applicable,Not Applicable,0,Seasonal Kendall,34.93,-97.77,86
Washita River,"Washita River, off SH 19, near Alex",Grady,OK,US,,,Total hardness,No Likely Trend,0,No Significant Trend,No Significant Trend,mg/L,No Significant Trend,mg/L,0,Not Applicable,50,Not Applicable,Not Applicable,0,Seasonal Kendall,34.93,-97.77,87
Washita River,"Washita River, off SH 19, near Alex",Grady,OK,US,,,Total Nitrogen,Highly Likely Upward,-3,↑↑↑,0.03635,mg/L,36.35,ug/L,0.328,Not Applicable,50,Not Applicable,Not Applicable,0,Seasonal Kendall,34.93,-97.77,90
Washita River,"Washita River, off SH 33, near McClure",Custer,OK,US,,,Turbidity,Somewhat Likely Downward,2,↓↓,-1.061,NTU,-1.061,NTU,-1.3887,Not Applicable,50,Not Applicable,Not Applicable,0,Seasonal Kendall,35.66,-99.31,98
Washita River,"Washita River, off SH 33, near McClure",Custer,OK,US,,,Dissolved oxygen,No Likely Trend,0,No Significant Trend,No Significant Trend,mg/L,No Significant Trend,mg/L,0,Not Applicable,50,Not Applicable,Not Applicable,0,Seasonal Kendall,35.66,-99.31,96
Washita River,"Washita River, off SH 33, near McClure",Custer,OK,US,,,"Temperature, water",No Likely Trend,0,No Significant Trend,No Significant Trend,deg C,No Significant Trend,deg C,0,Not Applicable,50,Not Applicable,Not Applicable,0,Seasonal Kendall,35.66,-99.31,97
Washita River,"Washita River, off SH 33, near McClure",Custer,OK,US,,,Chlorophyll a,Somewhat Likely Downward,2,↓↓,-0.2901,ug/L,-0.2901,ug/L,-0.9113,Not Applicable,50,Not Applicable,Not Applicable,0,Seasonal Kendall,35.66,-99.31,61
Washita River,"Washita River, off SH 33, near McClure",Custer,OK,US,,,Total Phosphorus,No Likely Trend,0,No Significant Trend,No Significant Trend,mg/L,No Significant Trend,ug/L,0,Not Applicable,50,Not Applicable,Not Applicable,0,Seasonal Kendall,35.66,-99.31,97
Washita River,"Washita River, off SH 33, near McClure",Custer,OK,US,,,Specific Conductance,Highly Likely Upward,-3,↑↑↑,42.5,uS/cm,42.5,uS/cm,0.2824,Not Applicable,50,Not Applicable,Not Applicable,0,Seasonal Kendall,35.66,-99.31,97
Washita River,"Washita River, off SH 33, near McClure",Custer,OK,US,,,Total hardness,Highly Likely Upward,-3,↑↑↑,18.45,mg/L,18.45,mg/L,0.2241,Not Applicable,50,Not Applicable,Not Applicable,0,Seasonal Kendall,35.66,-99.31,97
Washita River,"Washita River, off SH 33, near McClure",Custer,OK,US,,,Total Nitrogen,Somewhat Likely Downward,2,↓↓,-0.01626,mg/L,-16.26,ug/L,-0.2588,Not Applicable,50,Not Applicable,Not Applicable,0,Seasonal Kendall,35.66,-99.31,98
Washita River,"Washita River, SH 152, Cordell",Washita,OK,US,,,Turbidity,Likely Downward,1,↓,-0.247,NTU,-0.247,NTU,-0.4386,Not Applicable,50,Not Applicable,Not Applicable,0,Seasonal Kendall,35.29,-98.84,180
Washita River,"Washita River, SH 152, Cordell",Washita,OK,US,,,Dissolved oxygen,No Likely Trend,0,No Significant Trend,No Significant Trend,mg/L,No Significant Trend,mg/L,0,Not Applicable,50,Not Applicable,Not Applicable,0,Seasonal Kendall,35.29,-98.84,181
Washita River,"Washita River, SH 152, Cordell",Washita,OK,US,,,"Temperature, water",No Likely Trend,0,No Significant Trend,No Significant Trend,deg C,No Significant Trend,deg C,0,Not Applicable,50,Not Applicable,Not Applicable,0,Seasonal Kendall,35.29,-98.84,183
Washita River,"Washita River, SH 152, Cordell",Washita,OK,US,,,Chlorophyll a,No Likely Trend,0,No Significant Trend,No Significant Trend,ug/L,No Significant Trend,ug/L,0,Not Applicable,50,Not Applicable,Not Applicable,0,Seasonal Kendall,35.29,-98.84,71
Washita River,"Washita River, SH 152, Cordell",Washita,OK,US,,,Total Phosphorus,No Likely Trend,0,No Significant Trend,No Significant Trend,mg/L,No Significant Trend,ug/L,0,Not Applicable,50,Not Applicable,Not Applicable,0,Seasonal Kendall,35.29,-98.84,181
Washita River,"Washita River, SH 152, Cordell",Washita,OK,US,,,Specific Conductance,Likely Upward,-1,↑,7.145,uS/cm,7.145,uS/cm,0.069,Not Applicable,50,Not Applicable,Not Applicable,0,Mann-Kendall,35.29,-98.84,182
Washita River,"Washita River, SH 152, Cordell",Washita,OK,US,,,Total hardness,Highly Likely Upward,-3,↑↑↑,8.129,mg/L,8.129,mg/L,0.1411,Not Applicable,50,Not Applicable,Not Applicable,0,Seasonal Kendall,35.29,-98.84,182
Washita River,"Washita River, SH 152, Cordell",Washita,OK,US,,,Total Nitrogen,Highly Likely Upward,-3,↑↑↑,0.03248,mg/L,32.48,ug/L,0.35,Not Applicable,50,Not Applicable,Not Applicable,0,Seasonal Kendall,35.29,-98.84,183
Washita River,"Washita River, SH 19, Pauls Valley",Garvin,OK,US,7328500,310810010010-001AT,Total Nitrogen,Somewhat Likely Upward,-2,↑↑,0.398,mg/L,398,ug/L,0.2656,Highly Likely Upward,-3,↑↑↑,1.27 10^6 kg/year,0.7289,EGRET,34.74,-97.17,
Washita River,"Washita River, SH 19, Pauls Valley",Garvin,OK,US,7328500,310810010010-001AT,Total Phosphorus,No Likely Trend,0,No Significant Trend,-0.0255,mg/L,-25.5,ug/L,-0.0637,Likely Upward,-1,↑,0.238 10^6 kg/year,0.2424,EGRET,34.74,-97.17,
Washita River,"Washita River, SH 19, Pauls Valley",Garvin,OK,US,7328500,310810010010-001AT,Specific Conductance,Highly Likely Downward,3,↓↓↓,-146,uS/cm,-146,uS/cm,-0.0934,Not Applicable,50,Not Applicable,Not Applicable,0,EGRET,34.74,-97.17,
Washita River,"Washita River, SH 19, Pauls Valley",Garvin,OK,US,7328500,310810010010-001AT,Total hardness,No Likely Trend,0,No Significant Trend,8.55,mg/L,8.55,mg/L,0.0127,Not Applicable,50,Not Applicable,Not Applicable,0,EGRET,34.74,-97.17,
Washita River,"Washita River, SH 19, Pauls Valley",Garvin,OK,US,7328500,310810010010-001AT,Chlorophyll a,Likely Downward,1,↓,-30.8,ug/L,-30.8,ug/L,-0.4275,Not Applicable,50,Not Applicable,Not Applicable,0,EGRET,34.74,-97.17,
Washita River,"Washita River, SH 19, Pauls Valley",Garvin,OK,US,,,Turbidity,Somewhat Likely Downward,2,↓↓,-1.248,NTU,-1.248,NTU,-0.7846,Not Applicable,50,Not Applicable,Not Applicable,0,Seasonal Kendall,34.74,-97.17,178
Washita River,"Washita River, SH 19, Pauls Valley",Garvin,OK,US,,,Dissolved oxygen,No Likely Trend,0,No Significant Trend,No Significant Trend,mg/L,No Significant Trend,mg/L,0,Not Applicable,50,Not Applicable,Not Applicable,0,Seasonal Kendall,34.74,-97.17,178
Washita River,"Washita River, SH 19, Pauls Valley",Garvin,OK,US,,,"Temperature, water",No Likely Trend,0,No Significant Trend,No Significant Trend,deg C,No Significant Trend,deg C,0,Not Applicable,50,Not Applicable,Not Applicable,0,Seasonal Kendall,34.74,-97.17,178
Washita River,"Washita River, US 177, Durwood",Carter,OK,US,,,Turbidity,Highly Likely Downward,3,↓↓↓,-1.812,NTU,-1.812,NTU,-0.9042,Not Applicable,50,Not Applicable,Not Applicable,0,Seasonal Kendall,34.23,-96.98,123
Washita River,"Washita River, US 177, Durwood",Carter,OK,US,,,Dissolved oxygen,No Likely Trend,0,No Significant Trend,No Significant Trend,mg/L,No Significant Trend,mg/L,0,Not Applicable,50,Not Applicable,Not Applicable,0,Seasonal Kendall,34.23,-96.98,126
Washita River,"Washita River, US 177, Durwood",Carter,OK,US,,,"Temperature, water",No Likely Trend,0,No Significant Trend,No Significant Trend,deg C,No Significant Trend,deg C,0,Not Applicable,50,Not Applicable,Not Applicable,0,Seasonal Kendall,34.23,-96.98,126
Washita River,"Washita River, US 177, Durwood",Carter,OK,US,,,Chlorophyll a,No Likely Trend,0,No Significant Trend,No Significant Trend,ug/L,No Significant Trend,ug/L,0,Not Applicable,50,Not Applicable,Not Applicable,0,Seasonal Kendall,34.23,-96.98,63
Washita River,"Washita River, US 177, Durwood",Carter,OK,US,,,Total Phosphorus,Somewhat Likely Downward,2,↓↓,-0.002933,mg/L,-2.933,ug/L,-0.4439,Not Applicable,50,Not Applicable,Not Applicable,0,Seasonal Kendall,34.23,-96.98,128
Washita River,"Washita River, US 177, Durwood",Carter,OK,US,,,Specific Conductance,No Likely Trend,0,No Significant Trend,No Significant Trend,uS/cm,No Significant Trend,uS/cm,0,Not Applicable,50,Not Applicable,Not Applicable,0,Seasonal Kendall,34.23,-96.98,123
Washita River,"Washita River, US 177, Durwood",Carter,OK,US,,,Total hardness,No Likely Trend,0,No Significant Trend,No Significant Trend,mg/L,No Significant Trend,mg/L,0,Not Applicable,50,Not Applicable,Not Applicable,0,Seasonal Kendall,34.23,-96.98,123
Washita River,"Washita River, US 177, Durwood",Carter,OK,US,,,Total Nitrogen,No Likely Trend,0,No Significant Trend,No Significant Trend,mg/L,No Significant Trend,ug/L,0,Not Applicable,50,Not Applicable,Not Applicable,0,Seasonal Kendall,34.23,-96.98,127
Washita (Anadarko),"Washita River, US 281, Anadarko",Caddo,OK,US,7326500,310830010010-001AT,Total Nitrogen,Highly Likely Upward,-3,↑↑↑,0.787,mg/L,787,ug/L,0.606,Highly Likely Upward,-3,↑↑↑,0.587 10^6 kg/year,0.7229,EGRET,35.08,-98.24,
Washita (Anadarko),"Washita River, US 281, Anadarko",Caddo,OK,US,7326500,310830010010-001AT,Total Phosphorus,Likely Downward,1,↓,-0.219,mg/L,-219,ug/L,-0.4801,Likely Downward,1,↓,-0.362 10^6 kg/year,-0.5499,EGRET,35.08,-98.24,
Washita (Anadarko),"Washita River, US 281, Anadarko",Caddo,OK,US,7326500,310830010010-001AT,Specific Conductance,No Likely Trend,0,No Significant Trend,74.9,uS/cm,74.9,uS/cm,0.0424,Not Applicable,50,Not Applicable,Not Applicable,0,EGRET,35.08,-98.24,
Washita (Anadarko),"Washita River, US 281, Anadarko",Caddo,OK,US,7326500,310830010010-001AT,Total hardness,Likely Upward,-1,↑,110,mg/L,110,mg/L,0.1377,Not Applicable,50,Not Applicable,Not Applicable,0,EGRET,35.08,-98.24,
Washita (Anadarko),"Washita River, US 281, Anadarko",Caddo,OK,US,7326500,310830010010-001AT,Chlorophyll a,No Likely Trend,0,No Significant Trend,10,ug/L,10,ug/L,0.2081,Not Applicable,50,Not Applicable,Not Applicable,0,EGRET,35.08,-98.24,
Washita River,"Washita River, US 281, Anadarko",Caddo,OK,US,,,Turbidity,Highly Likely Downward,3,↓↓↓,-0.7294,NTU,-0.7294,NTU,-1.4747,Not Applicable,50,Not Applicable,Not Applicable,0,Mann-Kendall,35.08,-98.24,174
Washita River,"Washita River, US 281, Anadarko",Caddo,OK,US,,,Dissolved oxygen,Somewhat Likely Upward,-2,↑↑,0.04681,mg/L,0.04681,mg/L,0.1078,Not Applicable,50,Not Applicable,Not Applicable,0,Seasonal Kendall,35.08,-98.24,174
Washita River,"Washita River, US 281, Anadarko",Caddo,OK,US,,,"Temperature, water",No Likely Trend,0,No Significant Trend,No Significant Trend,deg C,No Significant Trend,deg C,0,Not Applicable,50,Not Applicable,Not Applicable,0,Seasonal Kendall,35.08,-98.24,174
West Cache Creek,"West Cache Creek, SH 5B, Taylor",Cotton,OK,US,,,Turbidity,No Likely Trend,0,No Significant Trend,No Significant Trend,NTU,No Significant Trend,NTU,0,Not Applicable,50,Not Applicable,Not Applicable,0,Seasonal Kendall,34.21,-98.33,143
West Cache Creek,"West Cache Creek, SH 5B, Taylor",Cotton,OK,US,,,Dissolved oxygen,Highly Likely Upward,-3,↑↑↑,0.05293,mg/L,0.05293,mg/L,0.1261,Not Applicable,50,Not Applicable,Not Applicable,0,Seasonal Kendall,34.21,-98.33,141
West Cache Creek,"West Cache Creek, SH 5B, Taylor",Cotton,OK,US,,,"Temperature, water",No Likely Trend,0,No Significant Trend,No Significant Trend,deg C,No Significant Trend,deg C,0,Not Applicable,50,Not Applicable,Not Applicable,0,Seasonal Kendall,34.21,-98.33,142
West Cache Creek,"West Cache Creek, SH 5B, Taylor",Cotton,OK,US,,,Chlorophyll a,No Likely Trend,0,No Significant Trend,No Significant Trend,ug/L,No Significant Trend,ug/L,0,Not Applicable,50,Not Applicable,Not Applicable,0,Seasonal Kendall,34.21,-98.33,37
West Cache Creek,"West Cache Creek, SH 5B, Taylor",Cotton,OK,US,,,Total Phosphorus,No Likely Trend,0,No Significant Trend,No Significant Trend,mg/L,No Significant Trend,ug/L,0,Not Applicable,50,Not Applicable,Not Applicable,0,Seasonal Kendall,34.21,-98.33,147
West Cache Creek,"West Cache Creek, SH 5B, Taylor",Cotton,OK,US,,,Specific Conductance,Somewhat Likely Upward,-2,↑↑,14.06,uS/cm,14.06,uS/cm,0.2834,Not Applicable,50,Not Applicable,Not Applicable,0,Seasonal Kendall,34.21,-98.33,141
West Cache Creek,"West Cache Creek, SH 5B, Taylor",Cotton,OK,US,,,Total hardness,Highly Likely Upward,-3,↑↑↑,4.171,mg/L,4.171,mg/L,0.3427,Not Applicable,50,Not Applicable,Not Applicable,0,Seasonal Kendall,34.21,-98.33,145
West Cache Creek,"West Cache Creek, SH 5B, Taylor",Cotton,OK,US,,,Total Nitrogen,Likely Upward,-1,↑,0.008402,mg/L,8.402,ug/L,0.2126,Not Applicable,50,Not Applicable,Not Applicable,0,Seasonal Kendall,34.21,-98.33,147
Wolf Creek,"Wolf Creek, off US 270, Fort Supply",Woodward,OK,US,,,Turbidity,Highly Likely Downward,3,↓↓↓,-0.4262,NTU,-0.4262,NTU,-1.6167,Not Applicable,50,Not Applicable,Not Applicable,0,Seasonal Kendall,36.45,-99.59,180
Wolf Creek,"Wolf Creek, off US 270, Fort Supply",Woodward,OK,US,,,Dissolved oxygen,No Likely Trend,0,No Significant Trend,No Significant Trend,mg/L,No Significant Trend,mg/L,0,Not Applicable,50,Not Applicable,Not Applicable,0,Seasonal Kendall,36.45,-99.59,178
Wolf Creek,"Wolf Creek, off US 270, Fort Supply",Woodward,OK,US,,,"Temperature, water",No Likely Trend,0,No Significant Trend,No Significant Trend,deg C,No Significant Trend,deg C,0,Not Applicable,50,Not Applicable,Not Applicable,0,Seasonal Kendall,36.45,-99.59,179
Wolf Creek,"Wolf Creek, off US 270, Fort Supply",Woodward,OK,US,,,Chlorophyll a,Highly Likely Upward,-3,↑↑↑,0.6791,ug/L,0.6791,ug/L,0.8142,Not Applicable,50,Not Applicable,Not Applicable,0,Seasonal Kendall,36.45,-99.59,73
Wolf Creek,"Wolf Creek, off US 270, Fort Supply",Woodward,OK,US,,,Total Phosphorus,Highly Likely Downward,3,↓↓↓,-0.001395,mg/L,-1.395,ug/L,-1.6533,Not Applicable,50,Not Applicable,Not Applicable,0,Seasonal Kendall,36.45,-99.59,178
Wolf Creek,"Wolf Creek, off US 270, Fort Supply",Woodward,OK,US,,,Specific Conductance,Highly Likely Upward,-3,↑↑↑,6.306,uS/cm,6.306,uS/cm,0.1413,Not Applicable,50,Not Applicable,Not Applicable,0,Seasonal Kendall,36.45,-99.59,179
Wolf Creek,"Wolf Creek, off US 270, Fort Supply",Woodward,OK,US,,,Total hardness,Highly Likely Upward,-3,↑↑↑,2.327,mg/L,2.327,mg/L,0.1613,Not Applicable,50,Not Applicable,Not Applicable,0,Seasonal Kendall,36.45,-99.59,181
Wolf Creek,"Wolf Creek, off US 270, Fort Supply",Woodward,OK,US,,,Total Nitrogen,Highly Likely Downward,3,↓↓↓,-0.009145,mg/L,-9.145,ug/L,-0.2125,Not Applicable,50,Not Applicable,Not Applicable,0,Seasonal Kendall,36.45,-99.59,183
